time,Flow,Tidal Vol,Lung Vol,Lung Press,
0,0,0,2000,-1.48E-13,
1.04E-06,-0.01731935,3.81E-09,2000,9.23E-07,
4.58E-06,-0.095502196,7.37E-08,2000,2.65E-05,
1.14E-05,-0.192527226,4.50E-07,2000,0.00015069,
2.05E-05,-0.254283005,1.43E-06,2000.000001,0.000400724,
3.27E-05,-0.285187598,3.59E-06,2000.000004,0.000804315,
5.20E-05,-0.295811678,8.93E-06,2000.000009,0.001484213,
9.84E-05,-0.293517424,3.13E-05,2000.000031,0.003138046,
0.000253902,-0.278712696,0.000202577,2000.000203,0.008510605,
0.000415272,-0.265253735,0.000530634,2000.000531,0.013810872,
0.000607486,-0.251533237,0.001111214,2000.001111,0.019810408,
0.000862473,-0.23680599,0.002182833,2000.002183,0.027331725,
0.001196544,-0.222799021,0.004076858,2000.004077,0.036605562,
0.001643064,-0.21189342,0.007425853,2000.007426,0.048325868,
0.002262498,-0.206824749,0.013547331,2000.013547,0.063991558,
0.00314351,-0.204781191,0.025136834,2000.025137,0.085994071,
0.004381496,-0.188011332,0.047013039,2000.047013,0.115740168,
0.005744389,-0.153174607,0.077980499,2000.07798,0.144138593,
0.007846157,-0.095666972,0.136778561,2000.136779,0.176052488,
0.010488788,-0.037128202,0.222545212,2000.222545,0.197604335,
0.012564983,-0.001657635,0.294012471,2000.294012,0.203490014,
0.014195238,0.025488746,0.350452739,2000.350453,0.203271711,
0.016857588,0.076664966,0.440464122,2000.440464,0.196920686,
0.019778402,0.155300224,0.533520717,2000.533521,0.185460773,
0.02245808,0.26491768,0.612534225,2000.612534,0.174132744,
0.025771464,0.47105707,0.702287458,2000.702287,0.162604031,
0.029768699,0.843248668,0.802406855,2000.802407,0.156533442,
0.035393215,1.594895248,0.941639054,2000.941639,0.168143296,
0.041418096,2.669966854,1.113793417,2001.113793,0.209675384,
0.047442977,3.968171269,1.339659804,2001.33966,0.280639911,
0.053467858,5.39552339,1.646796845,2001.646797,0.376999403,
0.059492739,6.839951006,2.056653386,2002.056653,0.49207668,
0.065736118,8.242661056,2.603839095,2002.603839,0.622349048,
0.073253594,9.691338094,3.434005996,2003.434006,0.781505295,
0.083114579,11.12734215,4.790461519,2004.790462,0.975608341,
0.093570709,12.19122521,6.51015343,2006.510153,1.152203169,
0.104551763,13.0579353,8.561916098,2008.561916,1.310317039,
0.117386368,14.02857308,11.21655104,2011.216551,1.478914542,
0.13603874,15.61430527,15.52076987,2015.52077,1.729325036,
0.159925908,17.93047666,21.84823127,2021.848231,2.088865795,
0.190773374,21.12990611,31.53045708,2031.530457,2.614814415,
0.227715478,25.01525821,45.52577358,2045.525774,3.310363931,
0.278198444,30.35483677,68.95661087,2068.956611,4.35376204,
0.308582272,33.51053995,85.44504773,2085.445048,5.02574606,
0.31360452,34.01152773,88.33828513,2088.338285,5.138404567,
0.322083422,34.79928953,93.32658525,2093.326585,5.327402257,
0.338108224,36.37814098,103.0948351,2103.094835,5.687101856,
0.389141401,41.47634632,137.1654779,2137.165478,6.891498093,
0.439197406,46.39420445,174.8348511,2174.834851,8.130787592,
0.462253967,48.55690542,193.5410362,2193.541036,8.71701278,
0.514786405,53.59340833,239.2128368,2239.212837,10.10775406,
0.543840061,56.29403243,266.2667237,2266.266724,10.90442016,
0.569423905,58.6979669,291.1105865,2291.110586,11.62298161,
0.572963257,58.96645592,294.6224632,2294.622463,11.72302989,
0.584169991,58.95501972,305.8381436,2305.838144,12.00566993,
0.59990844,57.79178528,321.6441664,2321.644166,12.28964242,
0.620286465,55.6522026,341.773991,2341.773991,12.52713118,
0.643574973,53.0596235,363.9457852,2363.945785,12.71808049,
0.647079252,53.00137767,367.1947242,2367.194724,12.74781783,
0.657479092,52.81223853,376.7412062,2376.741206,12.87148025,
0.674315969,51.51322206,391.9520095,2391.95201,13.06012937,
0.698802562,48.89584836,413.3533676,2413.353368,13.24922344,
0.72877119,45.44875822,438.0564521,2438.056452,13.39975296,
0.792496829,38.25387932,484.6924997,2484.6925,13.58559215,
0.862815343,30.56965598,527.0864103,2527.08641,13.65071093,
0.890357066,27.71013115,541.1995061,2541.199506,13.6445606,
0.935948525,22.83715274,561.6059468,2561.605947,13.58207787,
0.98170615,17.82235423,578.313262,2578.313262,13.43357968,
1.017511536,14.03022552,588.7366417,2588.736642,13.27170619,
1.056893494,10.06864492,597.6165212,2597.616521,13.06166351,
1.083953051,7.445207658,602.2172875,2602.217288,12.89821371,
1.10242306,5.600990963,604.6749423,2604.674942,12.77344792,
1.119946045,3.837748796,606.4874206,2606.487421,12.64156977,
1.13707602,2.19655759,607.7693045,2607.769305,12.50565311,
1.138281036,2.085666134,607.8415765,2607.841577,12.49598606,
1.138636583,2.053338582,607.8624585,2607.862459,12.49313382,
1.13899213,2.021627942,607.8831395,2607.883139,12.49028366,
1.139347677,1.990733671,607.9036197,2607.90362,12.48743771,
1.139703224,1.960772486,607.9238998,2607.9239,12.48459826,
1.140058771,1.931804676,607.9439803,2607.94398,12.48176767,
1.140414318,1.903852561,607.963862,2607.963862,12.47894822,
1.140823608,1.87292833,607.9865041,2607.986504,12.47571927,
1.141291968,1.839146647,608.0120946,2608.012095,12.47205,
1.141861029,1.800305758,608.042732,2608.042732,12.46763463,
1.142528669,1.757619673,608.0780478,2608.078048,12.46252274,
1.143368457,1.707959888,608.1215202,2608.12152,12.45621079,
1.144480701,1.648306906,608.1775049,2608.177505,12.44807573,
1.146191761,1.567992794,608.2602137,2608.260214,12.43610776,
1.14971771,1.435523572,608.4184737,2608.418474,12.41367116,
1.154993487,1.29214669,608.6283798,2608.62838,12.38559116,
1.161494168,1.169430405,608.8508713,2608.850871,12.35885207,
1.168859593,1.072807941,609.0659469,2609.065947,12.33671753,
1.177647235,0.992936516,609.2849097,2609.28491,12.31847342,
1.186434877,0.936929946,609.4746445,2609.474644,12.30637443,
1.196613839,0.890709728,609.6690255,2609.669025,12.29749124,
1.207843289,0.854451928,609.8618259,2609.861826,12.2918647,
1.221157476,0.824048033,610.070993,2610.070993,12.28872324,
1.237485378,0.79855006,610.3092811,2610.309281,12.28794048,
1.238046744,0.797846775,610.3172182,2610.317218,12.28795411,
1.238047348,0.797846025,610.3172267,2610.317227,12.28795413,
1.238056501,0.797834628,610.317356,2610.317356,12.28795437,
1.238212845,0.797626756,610.319564,2610.319564,12.28795854,
1.238304798,0.796920884,610.320862,2610.320862,12.28796019,
1.238357139,0.791524588,610.3216007,2610.321601,12.28795293,
1.238435322,0.769390885,610.3227039,2610.322704,12.28791331,
1.238583491,0.667934592,610.3247927,2610.324793,12.28768214,
1.238652094,0.5886685,610.3257582,2610.325758,12.28747348,
1.238749634,0.456993449,610.327128,2610.327128,12.28706326,
1.238849453,0.318851535,610.3285244,2610.328524,12.28653031,
1.238974475,0.150114628,610.3302629,2610.330263,12.28572119,
1.239064055,0.032034109,610.3314995,2610.331499,12.28505101,
1.239094162,-0.007442662,610.3319132,2610.331913,12.28480927,
1.239112482,-0.031486851,610.3321644,2610.332164,12.28465826,
1.239204424,-0.151580016,610.3334189,2610.333419,12.28385558,
1.239748391,-0.860131969,610.3405704,2610.34057,12.27757379,
1.241189743,-2.727654716,610.3558107,2610.355811,12.24907782,
1.242823778,-4.829898968,610.3624794,2610.362479,12.1981978,
1.244457813,-6.919473804,610.3528918,2610.352892,12.13024578,
1.246266164,-9.223182884,610.3179783,2610.317978,12.03792676,
1.24876058,-12.398872,610.21885,2610.21885,11.88554292,
1.251662651,-16.07208205,610.0159062,2610.015906,11.6780735,
1.255180886,-20.32549375,609.6251734,2609.625173,11.39417185,
1.258384685,-23.90155501,609.1188246,2609.118825,11.11638299,
1.261463371,-26.9603407,608.4911154,2608.491115,10.84073988,
1.265932869,-30.26229614,607.3350341,2607.335034,10.44914531,
1.271641392,-32.97531525,605.4720848,2605.472085,10.00161213,
1.278312555,-34.73850311,602.8409029,2602.840903,9.575002345,
1.286036317,-35.74128179,599.3405572,2599.340557,9.200834097,
1.294884061,-36.29860037,594.9268249,2594.926825,8.887881661,
1.305808751,-36.63766341,589.1081751,2589.108175,8.60595652,
1.317510974,-36.75870889,582.6126228,2582.612623,8.378478663,
1.335148803,-36.26027887,572.5819441,2572.581944,8.129691192,
1.352503714,-35.23477131,562.7028921,2562.702892,7.972407704,
1.374900876,-33.84091492,550.2316776,2550.231678,7.82827914,
1.414610648,-31.58613157,529.1875819,2529.187582,7.615061767,
1.471008154,-28.70240626,501.6229911,2501.622991,7.336790935,
1.52841604,-26.20658543,476.1059417,2476.105942,7.066875922,
1.583051265,-24.15232829,453.8452898,2453.84529,6.815643261,
1.590838927,-23.84834844,450.8181629,2450.818163,6.782022872,
1.64864545,-21.78237337,429.4521168,2429.452117,6.546585824,
1.757348807,-17.93636916,394.3657614,2394.365761,6.197283811,
1.82723853,-15.49045971,375.3052968,2375.305297,6.041448097,
1.894099189,-13.29792174,359.5689641,2359.568964,5.93143868,
2.000139779,-10.41885995,339.0693596,2339.06936,5.794306557,
2.104985343,-8.220956971,323.1414188,2323.141419,5.684317273,
2.209830907,-6.51563545,310.5526723,2310.552672,5.594327934,
2.314676471,-5.189028862,300.557628,2300.557628,5.520261212,
2.419522035,-4.153964544,292.5825547,2292.582555,5.458911424,
2.524367599,-3.343506816,286.1856332,2286.185633,5.407798001,
2.629213163,-2.706456154,281.0261851,2281.026185,5.364971344,
2.734058727,-2.203626674,276.8409264,2276.840926,5.328888805,
2.838904291,-1.804993722,273.4258414,2273.425841,5.298322777,
2.943749855,-1.487516939,270.6223569,2270.622357,5.272290747,
3.048595418,-1.233479612,268.3067996,2268.3068,5.250002148,
3.153440982,-1.02922513,266.3823578,2266.382358,5.230817659,
3.279013571,-0.835471081,264.4866322,2264.486632,5.211203976,
3.40500916,-0.683889,262.9378175,2262.937817,5.194535527,
3.531004749,-0.564913796,261.6656414,2261.665641,5.180314361,
3.654503011,-0.472534586,260.6302694,2260.630269,5.168314417,
3.732742378,-0.423843457,260.0627706,2260.062771,5.161550998,
3.732918796,-0.423734018,260.0615594,2260.061559,5.161536415,
3.733134249,-0.423338725,260.0600807,2260.060081,5.161519233,
3.733356593,-0.422748197,260.0585551,2260.058555,5.161502535,
3.733639418,-0.421722032,260.0566154,2260.056615,5.161483313,
3.734001662,-0.419871377,260.0541323,2260.054132,5.161463257,
3.734498099,-0.416173167,260.0507327,2260.050733,5.161447583,
3.735189677,-0.408487153,260.0460049,2260.046005,5.161458395,
3.736152489,-0.393354997,260.039448,2260.039448,5.161559981,
3.736455703,-0.387847486,260.0373915,2260.037391,5.161615915,
3.736868594,-0.379880668,260.0345994,2260.034599,5.161711704,
3.737962397,-0.356503325,260.0272602,2260.02726,5.162079726,
3.739217559,-0.326387112,260.018974,2260.018974,5.162714209,
3.740544328,-0.291703627,260.0104242,2260.010424,5.163633999,
3.741717471,-0.259149305,260.0030885,2260.003089,5.164656581,
3.743049007,-0.220373144,259.9950679,2259.995068,5.166047352,
3.74482833,-0.165777189,259.9849468,2259.984947,5.168272202,
3.748020536,-0.060607853,259.9688564,2259.968856,5.173251861,
3.750977763,0.043745275,259.9567938,2259.956794,5.178911634,
3.756321934,0.250474411,259.9434347,2259.943435,5.191463485,
3.760267075,0.432573246,259.941794,2259.941794,5.202750963,
3.764684715,0.690149539,259.9499462,2259.949946,5.218201473,
3.769908324,1.086349066,259.9765112,2259.976511,5.241747809,
3.776571883,1.753183796,260.045492,2260.045492,5.282654555,
3.784998138,2.829153439,260.2100007,2260.210001,5.354794255,
3.792660782,3.967289831,260.4583403,2260.45834,5.439832707,
3.800323427,5.174334219,260.8214415,2260.821441,5.540163636,
3.808093889,6.382065536,261.3210641,2261.321064,5.652177788,
3.817483492,7.725199804,262.1097611,2262.109761,5.792728789,
3.830710096,9.316795522,263.5538522,2263.553852,5.984900023,
3.846703713,10.87013492,265.7605054,2265.760505,6.196317458,
3.86269733,12.27012564,268.3933489,2268.393349,6.392059512,
3.882983618,14.08449178,272.2798079,2272.279808,6.640756529,
3.915036014,17.13603744,279.6590554,2279.659055,7.06718495,
3.965673995,21.97941806,294.5271003,2294.5271,7.816183336,
4.019093791,27.05233442,314.4815784,2314.481578,8.689794348,
4.063211315,31.40039222,334.2864904,2334.28649,9.491518753,
4.110072873,35.96912956,358.7132678,2358.713268,10.41959834,
4.122684893,37.11835799,365.8769485,2365.876948,10.67840558,
4.135778234,38.27310146,373.5647384,2373.564738,10.94533429,
4.166650539,41.27488328,392.7082262,2392.708226,11.61152634,
4.231014797,47.51020763,437.381551,2437.381551,13.10279544,
4.252177352,49.45732672,453.4718162,2453.471816,13.6138815,
4.295644974,53.66180588,488.6537831,2488.653783,14.71344964,
4.303389718,54.40113117,495.2278662,2495.227866,14.91587853,
4.310469792,54.70382064,501.3160675,2501.316067,15.09409958,
4.323331438,54.25389525,512.4970691,2512.497069,15.3571309,
4.341738704,52.74307101,528.4791783,2528.479178,15.61398116,
4.364485637,50.52024691,547.7762157,2547.776216,15.82935284,
4.401447593,46.87792944,577.5496037,2577.549604,16.09130211,
4.472936665,39.96787479,629.1194921,2629.119492,16.45894526,
4.505724779,36.76453003,650.1112087,2650.111209,16.57216424,
4.568755007,30.7039578,685.7544142,2685.754414,16.70632958,
4.596757301,28.08740566,699.6230574,2699.623057,16.7343667,
4.640511246,23.86960571,718.9077991,2718.907799,16.73055573,
4.69515513,18.46891516,738.801236,2738.801236,16.62965484,
4.738811851,14.20772199,751.3016861,2751.301686,16.48197311,
4.801807499,8.252256501,764.1317565,2764.131756,16.18174253,
4.821574909,6.385431008,766.9173163,2766.917316,16.06517614,
4.838232752,4.751865366,768.8034501,2768.80345,15.95438555,
4.857105384,2.950459243,770.4206596,2770.42066,15.81774975,
4.869560566,1.827439085,771.1891101,2771.18911,15.72473238,
4.870865638,1.713968465,771.2562097,2771.25621,15.71495962,
4.871204141,1.684816818,771.2732043,2771.273204,15.7124259,
4.871542645,1.65611657,771.2900307,2771.290031,15.70989396,
4.871881148,1.628052776,771.3066893,2771.306689,15.70736532,
4.872219652,1.600739502,771.3231803,2771.32318,15.70484169,
4.872558155,1.574241316,771.3395043,2771.339504,15.70232482,
4.872926605,1.54636039,771.3570834,2771.357083,15.69959505,
4.873341311,1.516186838,771.3766346,2771.376635,15.69653739,
4.873829304,1.482291678,771.3993244,2771.399324,15.6929633,
4.874412265,1.443992904,771.4259852,2771.425985,15.68873334,
4.87511026,1.401081291,771.4572771,2771.457277,15.68373422,
4.876008697,1.35015514,771.496561,2771.496561,15.67741894,
4.877229538,1.287796986,771.5481909,2771.548191,15.66907868,
4.879205844,1.200723006,771.6276585,2771.627658,15.65622718,
4.883211836,1.062965619,771.7743336,2771.774334,15.63280117,
4.888191651,0.93938689,771.9331559,2771.933156,15.60845351,
4.89381169,0.838806359,772.08662,2772.08662,15.58652697,
4.900356077,0.751795181,772.2380831,2772.238083,15.56689851,
4.908162615,0.670057117,772.3894261,2772.389426,15.54953405,
4.916986128,0.596589753,772.5317345,2772.531735,15.53529882,
4.928317776,0.536031406,772.6822065,2772.682206,15.5229296,
4.93966853,0.503791146,772.8081771,2772.808177,15.51553671,
4.95202647,0.481271596,772.9275607,2772.927561,15.51116087,
4.967233408,0.4624635,773.0589019,2773.058902,15.50874934,
4.970726311,0.459099114,773.0874129,2773.087413,15.50849111,
4.970726435,0.459099002,773.0874139,2773.087414,15.5084911,
4.970726941,0.459098535,773.087418,2773.087418,15.50849107,
4.970743453,0.459073781,773.0875516,2773.087552,15.50849004,
4.970861028,0.456780407,773.0885026,2773.088503,15.50847918,
4.970989411,0.433400305,773.0895403,2773.08954,15.50842723,
4.971139396,0.346745262,773.0907509,2773.090751,15.50822071,
4.971217044,0.26399436,773.091376,2773.091376,15.50800534,
4.971305551,0.138540379,773.0920862,2773.092086,15.5076423,
4.971380619,0.022637699,773.0926857,2773.092686,15.50725065,
4.971402958,-0.013019998,773.0928634,2773.092863,15.50711967,
4.971456981,-0.100712737,773.0932917,2773.093292,15.50677654,
4.971575954,-0.295223385,773.0942263,2773.094226,15.50589676,
4.971681422,-0.464459973,773.0950426,2773.095043,15.50498611,
4.971789193,-0.632337465,773.0958624,2773.095862,15.50393825,
4.972073056,-1.05701331,773.0979355,2773.097936,15.50064983,
4.972881846,-2.252421417,773.1028656,2773.102866,15.4871919,
4.974435127,-4.537267085,773.105788,2773.105788,15.44563999,
4.975988408,-6.809624002,773.0956999,2773.0957,15.38565429,
4.977683332,-9.275727281,773.0644299,2773.06443,15.30188437,
4.979928619,-12.52828493,772.9819508,2772.981951,15.16565067,
4.98281716,-16.69793709,772.792265,2772.792265,14.95495564,
4.986172923,-21.4216927,772.4329997,2772.433,14.67074118,
4.989738951,-26.14714427,771.8670003,2771.867,14.33592874,
4.993971806,-31.48272923,770.9295288,2770.929529,13.90686504,
4.999928149,-38.2426266,769.1005655,2769.100566,13.2705468,
5.00548638,-43.71420164,766.8557057,2766.855706,12.67572811,
5.009063325,-46.36399249,765.1459142,2765.145914,12.3114855,
5.013794959,-48.48623916,762.5943936,2762.594394,11.88132117,
5.020434862,-50.01769596,758.5538896,2758.55389,11.38803353,
5.028966181,-50.82991074,752.7892597,2752.78926,10.91666732,
5.038906124,-51.24866874,745.5517138,2745.551714,10.52093124,
5.050025969,-51.43715713,737.0615406,2737.061541,10.19025148,
5.060862717,-51.33468561,728.5588405,2728.558841,9.934702451,
5.077460583,-50.22392943,715.3674164,2715.367416,9.655552366,
5.096225666,-48.6624543,700.5657771,2700.565777,9.443299411,
5.123239675,-46.53646683,679.8574917,2679.857492,9.205239326,
5.176209165,-42.82286423,641.6389837,2641.638984,8.792972098,
5.286639733,-35.92726815,571.4229599,2571.42296,8.049316676,
5.402046624,-29.72134222,510.1817954,2510.181795,7.413230546,
5.466325916,-26.89455887,480.7471438,2480.747144,7.096216431,
5.536367697,-24.22417767,451.7878664,2451.787866,6.767360638,
5.635986055,-20.57120165,415.6064111,2415.606411,6.379111828,
5.748990597,-16.44323129,381.5406157,2381.540616,6.076928344,
5.824531148,-13.8531109,362.8388083,2362.838808,5.944277858,
5.929280554,-10.88249703,341.715704,2341.715704,5.803266508,
6.033338993,-8.597371359,325.193128,2325.193128,5.689659173,
6.137397432,-6.821761285,312.1186757,2312.118676,5.59662719,
6.24145587,-5.438323833,301.7266183,2301.726618,5.520013832,
6.345514309,-4.357467639,293.4267198,2293.42672,5.456515265,
6.449572748,-3.510153215,286.7634614,2286.763461,5.403574127,
6.553631187,-2.843401959,281.3850139,2281.385014,5.359186281,
6.657689625,-2.316590524,277.0190989,2277.019099,5.321765682,
6.761748064,-1.898534896,273.4544724,2273.454472,5.290050262,
6.865806503,-1.565265153,270.5267719,2270.526772,5.263030089,
6.969864942,-1.298324263,268.1076965,2268.107697,5.239892481,
7.073923381,-1.083468546,266.0967372,2266.096737,5.219980063,
7.195167296,-0.884301866,264.1642099,2264.16421,5.200141657,
7.320183634,-0.723386964,262.5375457,2262.537546,5.182796846,
7.445199972,-0.596887276,261.2024763,2261.202476,5.168026983,
7.465472863,-0.579035834,261.009037,2261.009037,5.165841216,
7.465668935,-0.578790387,261.0071947,2261.007195,5.165820473,
7.465885915,-0.578226486,261.0051567,2261.005157,5.165798431,
7.466137862,-0.577353376,261.002791,2261.002791,5.165774325,
7.466449996,-0.575895301,260.9998617,2260.999862,5.165747462,
7.466855874,-0.573257368,260.9960552,2260.996055,5.165719421,
7.467418369,-0.567976853,260.9907859,2260.990786,5.165698797,
7.468217974,-0.557022714,260.9833112,2260.983311,5.165721023,
7.469031583,-0.54270648,260.9757332,2260.975733,5.165822115,
7.469291813,-0.537654297,260.973317,2260.973317,5.165872717,
7.46975205,-0.528232189,260.969055,2260.969055,5.165984901,
7.470923302,-0.501863922,260.9582863,2260.958286,5.16640564,
7.472217095,-0.469708366,260.9465587,2260.946559,5.167100705,
7.473539168,-0.434609228,260.93481,2260.93481,5.168057224,
7.474653539,-0.403736868,260.9251318,2260.925132,5.169049023,
7.476020358,-0.364486333,260.9135902,2260.91359,5.170485583,
7.477886704,-0.308492879,260.8985088,2260.898509,5.172817277,
7.483522484,-0.122431299,260.8589206,2260.858921,5.182228468,
7.488285252,0.054537697,260.83419,2260.83419,5.192713709,
7.49218412,0.220019135,260.8211791,2260.821179,5.202999555,
7.496520608,0.448618972,260.8157196,2260.81572,5.216759933,
7.501096683,0.759714301,260.8224111,2260.822411,5.235027042,
7.506881086,1.27477627,260.8542985,2260.854298,5.26558135,
7.513870751,2.080927472,260.9395045,2260.939505,5.316314864,
7.520675408,3.022849509,261.0874882,2261.087488,5.381387426,
7.527480064,4.062228704,261.3158107,2261.315811,5.460711348,
7.534653444,5.196043831,261.6579779,2261.657978,5.556496158,
7.542823743,6.450893451,262.1870015,2262.187001,5.674975092,
7.55215757,7.747468866,262.9786795,2262.97868,5.813748428,
7.565371413,9.268939772,264.4252516,2264.425252,6.001555936,
7.579506458,10.59131769,266.3434558,2266.343456,6.183453436,
7.594236908,11.84424001,268.6873927,2268.687393,6.359009252,
7.613381856,13.50685151,272.2029843,2272.202984,6.5859155,
7.641603747,16.1358297,278.3397965,2278.339796,6.946057015,
7.680039196,19.78959938,288.6072272,2288.607227,7.48708389,
7.740421237,25.438588,309.2255506,2309.225551,8.422504781,
7.796001198,30.79163161,333.0428168,2333.042817,9.392343997,
7.831654405,34.2813633,350.841206,2350.841206,10.07811331,
7.846873968,35.6625935,359.0413985,2359.041398,10.37949868,
7.860797334,36.90645128,366.8412481,2366.841248,10.65394373,
7.896821246,40.40080828,388.3618414,2388.361841,11.41235193,
7.956623704,46.18674556,428.5009986,2428.500999,12.76740462,
7.976011567,47.97383875,442.6927372,2442.692737,13.2230021,
8.019140456,52.1671814,476.3061842,2476.306184,14.28788037,
8.03545552,53.7229543,489.7688794,2489.768879,14.70602423,
8.040749614,54.02925621,494.2241976,2494.224198,14.83947201,
8.05326325,53.81217842,504.8759452,2504.875945,15.10710338,
8.070107026,52.57546833,519.2563406,2519.256341,15.3596187,
8.091670215,50.54497779,537.3414504,2537.34145,15.57809344,
8.124081193,47.40283655,563.3634964,2563.363496,15.82036531,
8.201479972,40.02835222,619.1264023,2619.126402,16.2366957,
8.235932943,36.70602262,641.0281996,2641.0282,16.36065814,
8.282206413,32.29619922,667.5822183,2667.582218,16.47248734,
8.31854393,28.88897395,686.1540439,2686.154044,16.52215563,
8.355150562,25.44005314,702.86919,2702.86919,16.5385705,
8.396487759,21.40795217,719.2993722,2719.299372,16.49819659,
8.456149811,15.56985995,738.3254494,2738.325449,16.33997061,
8.50370129,11.0466235,749.5360754,2749.536075,16.1429799,
8.544934925,7.201845875,756.4890893,2756.489089,15.9252823,
8.564101684,5.353372086,758.8560451,2758.856045,15.80541876,
8.582465878,3.57930373,760.5977478,2760.597748,15.67680046,
8.599603368,2.010022103,761.7581884,2761.758188,15.55060291,
8.603405257,1.678782277,761.9562066,2761.956207,15.52236223,
8.603722108,1.651560873,761.971756,2761.971756,15.52001012,
8.604056451,1.623152767,761.9880055,2761.988006,15.51752936,
8.604390793,1.595281952,762.0040929,2762.004093,15.51505111,
8.604725136,1.568087331,762.0200184,2762.020018,15.51257692,
8.605059479,1.541652019,762.0357825,2762.035783,15.51010846,
8.605409258,1.514856644,762.0521022,2762.052102,15.50753401,
8.605810717,1.485210365,762.0706169,2762.070617,15.50459166,
8.606280652,1.452003909,762.0919978,2762.091998,15.50116786,
8.60683307,1.414971766,762.1167317,2762.116732,15.49717653,
8.607490197,1.373587949,762.1455974,2762.145597,15.49248336,
8.608301343,1.326190697,762.1804064,2762.180406,15.48678403,
8.609392754,1.268155269,762.2258381,2762.225838,15.47929997,
8.611054775,1.190524492,762.2920271,2762.292027,15.46835502,
8.614405512,1.064183285,762.4151596,2762.41516,15.44808942,
8.619000037,0.935461678,762.5640161,2762.564016,15.42423781,
8.624420949,0.824396306,762.7146605,2762.714661,15.40137744,
8.631124798,0.723147351,762.8710981,2762.871098,15.37951045,
8.638840659,0.636712849,763.0198041,2763.019804,15.36088029,
8.647471334,0.567333428,763.1566538,2763.156654,15.34595972,
8.656737727,0.51816244,763.2785508,2763.278551,15.33495009,
8.667058887,0.483740208,763.393109,2763.393109,15.32704195,
8.678880541,0.458241673,763.5060837,2763.506084,15.32172138,
8.692645128,0.43775286,763.622064,2763.622064,15.31854915,
8.7034059,0.423926925,763.7051772,2763.705177,15.31735442,
8.703405979,0.42392682,763.7051778,2763.705178,15.31735442,
8.703406155,0.42392659,763.7051791,2763.705179,15.3173544,
8.703407159,0.423925259,763.7051866,2763.705187,15.31735432,
8.703471174,0.423492609,763.7056659,2763.705666,15.31734874,
8.703599881,0.413584242,763.7066289,2763.706629,15.31732137,
8.70375876,0.352099344,763.7078162,2763.707816,15.31717748,
8.703880012,0.243541559,763.70872,2763.70872,15.31689768,
8.703958325,0.136687213,763.7093015,2763.709302,15.31659587,
8.704027998,0.031520393,763.7098167,2763.709817,15.31625492,
8.704056441,-0.01307938,763.7100262,2763.710026,15.31609709,
8.704117344,-0.110845588,763.710473,2763.710473,15.31572381,
8.70423899,-0.308925909,763.7113564,2763.711356,15.31484218,
8.704336403,-0.464987953,763.7120532,2763.712053,15.31401715,
8.704446256,-0.636386554,763.712825,2763.712825,15.31296897,
8.704707915,-1.026608011,763.7145904,2763.71459,15.31001082,
8.705433624,-2.09438937,763.7187304,2763.71873,15.29848176,
8.706982502,-4.362719819,763.7215439,2763.721544,15.25870368,
8.708648034,-6.788212151,763.7104817,2763.710482,15.19537386,
8.710397948,-9.321538422,763.6770365,2763.677036,15.10895754,
8.712640181,-12.55148544,763.5926645,2763.592665,14.97282272,
8.715521205,-16.6851117,763.4011161,2763.401116,14.76294625,
8.71891685,-21.43619962,763.0342909,2763.034291,14.47587103,
8.722225928,-25.80022393,762.5119519,2762.511952,14.16677119,
8.726317889,-30.93802293,761.6238678,2761.623868,13.75575429,
8.732236658,-37.6632369,759.8448271,2759.844827,13.12815543,
8.737668672,-43.01506374,757.6957961,2757.695796,12.54929057,
8.741383336,-45.69381452,755.9515585,2755.951559,12.17337407,
8.746687203,-47.93691124,753.113853,2753.113853,11.70158806,
8.753692652,-49.37275221,748.8590092,2748.859009,11.20371591,
8.762086471,-50.07549238,743.2199903,2743.21999,10.76297951,
8.772120835,-50.45958909,735.9879192,2735.987919,10.38098925,
8.783329564,-50.63421079,727.5354413,2727.535441,10.06075389,
8.797857357,-50.29481197,716.2666069,2716.266607,9.744470111,
8.814760243,-49.03215642,703.0385182,2703.038518,9.49718236,
8.834950551,-47.38078239,687.4527585,2687.452758,9.291578154,
8.866623362,-44.99630708,663.8584509,2663.858451,9.02982543,
8.939872323,-40.10951494,613.5145851,2613.514585,8.490855343,
9.068011951,-32.60904719,538.2940375,2538.294038,7.702530854,
9.146972267,-28.64172251,499.1589272,2499.158927,7.29672218,
9.209554144,-26.06400667,471.4711955,2471.471195,6.989451699,
9.281710245,-23.36498256,442.6104893,2442.610489,6.662974016,
9.398963311,-19.0579449,402.2204499,2402.22045,6.249888078,
9.500127525,-15.39937311,373.7931317,2373.793132,6.01866875,
9.576841046,-12.90190344,356.0513441,2356.051344,5.898440497,
9.686037311,-10.0445671,335.6344658,2335.634466,5.761162201,
9.793078349,-7.894395062,319.9887332,2319.988733,5.652269784,
9.900119387,-6.233864552,307.6705043,2307.670504,5.563434164,
10.00716042,-4.947956148,297.9249339,2297.924934,5.490487882,
10.11420146,-3.948970774,290.1740327,2290.174033,5.430191513,
10.2212425,-3.169941453,283.9749356,2283.974936,5.380046603,
10.32828354,-2.559906954,278.9878363,2278.987836,5.338098436,
10.43532458,-2.080068544,274.9513778,2274.951378,5.302806128,
10.54236561,-1.700848152,271.6639688,2271.663969,5.272948065,
10.64940665,-1.399660704,268.9696121,2268.969612,5.247549925,
10.75644769,-1.159224138,266.7471543,2266.747154,5.225830178,
10.86348873,-0.966279866,264.9021305,2264.90213,5.207158586,
10.97870315,-0.80003559,263.2535929,2263.253593,5.189884282,
11.10725309,-0.65372962,261.7418722,2261.741872,5.173454149,
11.1980825,-0.569897439,260.8415355,2260.841535,5.16335209,
11.19827844,-0.569723996,260.8397237,2260.839724,5.163331507,
11.19849364,-0.569255725,260.8377343,2260.837734,5.163309569,
11.19874641,-0.568481755,260.8353986,2260.835399,5.163285124,
11.19903246,-0.567306263,260.8327564,2260.832756,5.163259747,
11.19941149,-0.56516345,260.8292576,2260.829258,5.163231307,
11.19991634,-0.561085448,260.8246017,2260.824602,5.163206337,
11.2006362,-0.552578025,260.8179743,2260.817974,5.163207042,
11.20157948,-0.537355877,260.809319,2260.809319,5.16329399,
11.20186592,-0.532117982,260.8066995,2260.806699,5.163342108,
11.20218391,-0.526021736,260.8037972,2260.803797,5.163407995,
11.20330854,-0.502416872,260.7935921,2260.793592,5.163750046,
11.20452925,-0.473962173,260.7826499,2260.78265,5.164318832,
11.20588376,-0.439994534,260.7707227,2260.770723,5.165189651,
11.20696748,-0.411501455,260.7613794,2260.761379,5.166061905,
11.2081706,-0.378724345,260.7512512,2260.751251,5.167204705,
11.20969224,-0.335617076,260.7388646,2260.738865,5.168900469,
11.21240648,-0.254049989,260.7181468,2260.718147,5.172579938,
11.21998357,0.005492108,260.6723576,2260.672358,5.18691075,
11.22384519,0.159596879,260.6575304,2260.65753,5.196396862,
11.22799902,0.361095028,260.649416,2260.649416,5.208568145,
11.23237708,0.633582001,260.6513794,2260.651379,5.224511078,
11.23776111,1.072242162,260.6724819,2260.672482,5.250155521,
11.24408437,1.743523531,260.7320531,2260.732053,5.291148085,
11.25178144,2.756888875,260.8730848,2260.873085,5.358968131,
11.25950567,3.920422239,261.1126704,2261.11267,5.445986308,
11.26722991,5.140611228,261.4707578,2261.470758,5.548158237,
11.27495415,6.33024854,261.9606885,2261.960689,5.659725254,
11.28434328,7.643225112,262.7402893,2262.740289,5.799111557,
11.29693233,9.109431384,264.0895434,2264.089543,5.978568024,
11.31033195,10.37972073,265.8637045,2265.863705,6.152266948,
11.32512804,11.63812967,268.1657297,2268.16573,6.328935295,
11.34325231,13.19487907,271.419202,2271.419202,6.541933134,
11.37236589,15.88306023,277.6207561,2277.620756,6.908764235,
11.40934503,19.39351471,287.3073956,2287.307396,7.424218656,
11.46768206,24.83915052,306.7603633,2306.760363,8.317080708,
11.5253552,30.35036467,330.9902985,2330.990299,9.309214707,
11.56095437,33.84593347,348.5007564,2348.500756,9.987661463,
11.57675462,35.29140719,356.9043214,2356.904321,10.29846652,
11.59061921,36.52011565,364.5810221,2364.581022,10.56955852,
11.62355584,39.71380482,383.9594192,2383.959419,11.25551181,
11.68676184,45.8300339,425.8140052,2425.814005,12.67541746,
11.70744975,47.74275036,440.8433898,2440.84339,13.15920034,
11.75065051,51.94658697,474.3188108,2474.318811,14.22186854,
11.7681013,53.60576579,488.6558751,2488.655875,14.66746953,
11.77326863,53.91164722,492.9896774,2492.989677,14.79742609,
11.78591802,53.71020667,503.7211794,2503.721179,15.06798898,
11.80320407,52.4414486,518.4309742,2518.430974,15.32559471,
11.82452783,50.43834654,536.2533334,2536.253333,15.54018493,
11.85713337,47.28859836,562.3401543,2562.340154,15.78322662,
11.94117716,39.30543344,622.2530549,2622.253055,16.22554092,
11.97156215,36.37025067,641.2888193,2641.288819,16.32972091,
12.01987975,31.78035893,668.6549477,2668.654948,16.4417806,
12.05396936,28.60176844,685.8378502,2685.83785,16.48560528,
12.09013958,25.18608109,702.1798661,2702.179866,16.49884732,
12.13290964,21.01480485,718.9416333,2718.941633,16.45260598,
12.19119807,15.32228354,737.2102767,2737.210277,16.29291534,
12.24094972,10.60517626,748.6500324,2748.650032,16.08287073,
12.27870002,7.089719663,754.8409679,2754.840968,15.88100056,
12.29729694,5.294011242,757.1091874,2757.109187,15.76420307,
12.3154706,3.541426662,758.8160992,2758.816099,15.63685708,
12.33274049,1.964278224,759.9714451,2759.971445,15.50981798,
12.33608464,1.673656104,760.1438451,2760.143845,15.48501989,
12.33640503,1.646165089,760.1595063,2760.159506,15.48264561,
12.33674455,1.617360157,760.1759402,2760.17594,15.4801308,
12.33708407,1.58911267,760.1922071,2760.192207,15.47761863,
12.33742359,1.561565609,760.2083075,2760.208308,15.47511073,
12.33776311,1.534803571,760.2242418,2760.224242,15.47260885,
12.33811696,1.507794916,760.2406724,2760.240672,15.47000969,
12.33852471,1.477811537,760.2593837,2760.259384,15.46702763,
12.3390028,1.444199024,760.2810215,2760.281021,15.46355263,
12.33956594,1.406674125,760.3060954,2760.306095,15.45949448,
12.34023713,1.364709304,760.3354012,2760.335401,15.4547155,
12.34107634,1.316119235,760.3711721,2760.371172,15.44884111,
12.34220495,1.256820286,760.4177827,2760.417783,15.44114043,
12.34396146,1.17617096,760.4870304,2760.48703,15.42966037,
12.34753387,1.045156072,760.616315,2760.616315,15.40836047,
12.3521802,0.919247279,760.7639155,2760.763916,15.38474991,
12.35768576,0.809918089,760.9136774,2760.913677,15.36211398,
12.36448893,0.710159143,761.0687899,2761.06879,15.34056689,
12.37232215,0.62503133,761.2160536,2761.216054,15.32227442,
12.38109818,0.557169302,761.3516057,2761.351606,15.3076792,
12.39050274,0.509721872,761.4720612,2761.472061,15.29701724,
12.40120349,0.476039903,761.5876263,2761.587626,15.28931135,
12.4132788,0.451455096,761.6999776,2761.699978,15.28430783,
12.42701382,0.431819235,761.8130964,2761.813096,15.28143933,
12.43608554,0.420189882,761.8821488,2761.882149,15.28048696,
12.43608562,0.420189777,761.8821494,2761.882149,15.28048696,
12.43608581,0.420189512,761.8821508,2761.882151,15.28048694,
12.4360871,0.420187797,761.8821604,2761.88216,15.28048684,
12.43612939,0.420005826,761.882474,2761.882474,15.2804833,
12.43625639,0.413511079,761.8834154,2761.883415,15.28046233,
12.43639257,0.37378427,761.884424,2761.884424,15.28037094,
12.43653347,0.269303807,761.8854652,2761.885465,15.28010848,
12.43659922,0.188680903,761.8859495,2761.88595,15.27989019,
12.43667656,0.07597687,761.8865172,2761.886517,15.27954858,
12.43672121,0.007166534,761.8868436,2761.886844,15.27931466,
12.43674636,-0.032546031,761.8870269,2761.887027,15.27917127,
12.43680611,-0.128779876,761.8874607,2761.887461,15.2787978,
12.43692476,-0.321715566,761.8883132,2761.888313,15.27792785,
12.43703867,-0.503623539,761.8891181,2761.889118,15.276946,
12.43719454,-0.742214791,761.8901925,2761.890192,15.27539235,
12.43759865,-1.339362863,761.8927888,2761.892789,15.27029448,
12.43866208,-2.89948331,761.8976322,2761.897632,15.24981494,
12.44015343,-5.077507122,761.8967522,2761.896752,15.20528544,
12.4417464,-7.391260007,761.8813325,2761.881332,15.13965492,
12.44363406,-10.11708108,761.8372933,2761.837293,15.04094158,
12.44604966,-13.59020828,761.7299992,2761.729999,14.88646443,
12.44900461,-17.81121421,761.5051994,2761.505199,14.66196412,
12.45248931,-22.62150224,761.0864149,2761.086415,14.35863903,
12.45609779,-27.29097456,760.458068,2760.458068,14.01405827,
12.46064061,-32.86228493,759.3663616,2759.366362,13.5486134,
12.4669207,-39.68693903,757.2872865,2757.287286,12.8785674,
12.47140492,-43.83387908,755.4016827,2755.401683,12.40548992,
12.47577344,-46.46406976,753.2605088,2753.260509,11.97988369,
12.48229477,-48.553315,749.584785,2749.584785,11.44715483,
12.4899236,-49.59862913,744.7299474,2744.729947,10.97280055,
12.4988074,-50.10841248,738.5707881,2738.570788,10.57006144,
12.50981556,-50.39480544,730.4778664,2730.477866,10.20478651,
12.52077525,-50.49118292,722.1256025,2722.125603,9.924163115,
12.53734468,-49.67349711,709.2334102,2709.23341,9.612317046,
12.55452355,-48.29049142,695.8705177,2695.870518,9.399427408,
12.57740629,-46.46359474,678.4463695,2678.446369,9.188846551,
12.6214777,-43.31150179,646.5087142,2646.508714,8.843286645,
12.71305966,-37.47255208,586.7482873,2586.748287,8.207997737,
12.84562895,-30.16116701,514.3460971,2514.346097,7.454897216,
12.90139282,-27.61205717,488.2741326,2488.274133,7.178300524,
12.96623403,-25.07235303,460.6477934,2460.647793,6.865834067,
13.03990648,-22.35114401,432.3545287,2432.354529,6.550939491,
13.16329806,-17.81697302,392.0551271,2392.055127,6.160492931,
13.25206543,-14.6632553,368.5178362,2368.517836,5.981748403,
13.34246858,-11.89850086,348.9154977,2348.915498,5.850858866,
13.4454244,-9.408680663,331.0309041,2331.030904,5.72943375,
13.54838023,-7.471227039,316.8663059,2316.866306,5.629968473,
13.65133605,-5.959173487,305.6000935,2305.600093,5.548082379,
13.75429187,-4.776124605,296.5981651,2296.598165,5.480247704,
13.85724769,-3.847648049,289.3698839,2289.369884,5.423713834,
13.96020352,-3.116363691,283.5354355,2283.535435,5.376333669,
14.06315934,-2.53815389,278.8003601,2278.80036,5.336409357,
14.16611516,-2.079075521,274.9358501,2274.93585,5.30258968,
14.26907098,-1.712981204,271.7636399,2271.76364,5.273793581,
14.37202681,-1.419698678,269.144423,2269.144423,5.249151339,
14.47498263,-1.183634873,266.9689728,2266.968973,5.227959549,
14.5874626,-0.976977299,264.9987552,2264.998755,5.208080687,
14.71112309,-0.797650133,263.2219813,2263.221981,5.189477137,
14.83478359,-0.656784155,261.7666358,2261.766636,5.173661225,
14.93064052,-0.568213404,260.8156043,2260.815604,5.162992085,
14.93087532,-0.56801491,260.8134396,2260.81344,5.162967465,
14.93108277,-0.567695662,260.8115278,2260.811528,5.162946005,
14.93131944,-0.567056581,260.8093472,2260.809347,5.16292261,
14.93158391,-0.566103236,260.8069117,2260.806912,5.162898187,
14.9319221,-0.564447397,260.8037988,2260.803799,5.162870583,
14.93237157,-0.561343822,260.7996649,2260.799665,5.162842716,
14.93298973,-0.555130018,260.7939869,2260.793987,5.162827783,
14.9339082,-0.541803229,260.7855729,2260.785573,5.162875586,
14.93443961,-0.532527238,260.7807216,2260.780722,5.162948828,
14.93472699,-0.527149678,260.7781048,2260.778105,5.163003341,
14.93532175,-0.515312693,260.7727061,2260.772706,5.16315064,
14.93638898,-0.492045829,260.7630906,2260.763091,5.163535147,
14.93766581,-0.461625437,260.7517418,2260.751742,5.164201109,
14.93889121,-0.43056289,260.7410515,2260.741052,5.165047857,
14.93990699,-0.40375946,260.7323695,2260.732369,5.165898191,
14.94128113,-0.366163306,260.7209264,2260.720926,5.167252809,
14.94309217,-0.314306766,260.7064572,2260.706457,5.169379024,
14.94923225,-0.118426389,260.6639902,2260.66399,5.179238228,
14.95434015,0.068512695,260.6385226,2260.638523,5.190316514,
14.95829246,0.237613127,260.6263969,2260.626397,5.200715958,
14.9626793,0.474566378,260.6221806,2260.622181,5.214769152,
14.96740094,0.80648175,260.6309774,2260.630977,5.234070567,
14.97332436,1.353915686,260.6673892,2260.667389,5.266507555,
14.97964956,2.096557282,260.7477593,2260.747759,5.313403145,
14.98737525,3.177480269,260.9230603,2260.92306,5.388776531,
14.99514427,4.379862607,261.2067031,2261.206703,5.482590874,
15.00291328,5.604497652,261.6162502,2261.61625,5.589672096,
15.01115012,6.835780482,262.1993683,2262.199368,5.710760797,
15.02140409,8.183805759,263.1411043,2263.141104,5.861885548,
15.03485436,9.62463879,264.7129645,2264.712965,6.047299814,
15.04830463,10.82774463,266.6146248,2266.614625,6.215199067,
15.0640457,12.15475799,269.1969438,2269.196944,6.400135033,
15.08596838,14.08593073,273.3796876,2273.379688,6.662172978,
15.11700322,17.00803821,280.4819404,2280.48194,7.068206005,
15.16622562,21.64425711,294.7033714,2294.703371,7.780536822,
15.22587373,27.21942745,316.7856085,2316.785608,8.736884994,
15.27056508,31.57980959,336.8359252,2336.835925,9.539286222,
15.30191947,34.61817181,352.7564846,2352.756485,10.14618778,
15.31545118,35.76443027,360.0931513,2360.093151,10.41035605,
15.33240139,37.38546929,369.6554561,2369.655456,10.74928984,
15.39749063,43.69194867,410.433429,2410.433429,12.16313115,
15.428527,46.63299036,432.1748297,2432.17483,12.88083344,
15.45199465,48.87870081,449.5794014,2449.579401,13.43777583,
15.49787067,53.315206,486.0364803,2486.03648,14.58586596,
15.50214584,53.69577798,489.598628,2489.598628,14.69538146,
15.51074499,53.93655885,496.840786,2496.840786,14.90205635,
15.52528441,53.28017504,509.2116829,2509.211683,15.17351775,
15.5439305,51.68993299,524.9954901,2524.99549,15.40829855,
15.56855101,49.32368558,545.2710014,2545.271001,15.62461865,
15.61029171,45.31953808,577.6706845,2577.670684,15.90474486,
15.68784717,37.96102343,630.9154496,2630.91545,16.27053625,
15.71723186,35.12353851,648.7097464,2648.709746,16.3580388,
15.76910054,30.20997393,676.9121214,2676.912121,16.45864357,
15.8021369,27.15920395,692.7680389,2692.768039,16.48968838,
15.83991629,23.5203065,708.9060119,2708.906012,16.4807323,
15.88521489,19.08527537,725.3648252,2725.364825,16.40328021,
15.93789161,13.97374605,740.4898811,2740.489881,16.23284391,
15.99469896,8.638423702,752.0369935,2752.036994,15.96792846,
16.0179281,6.465598645,755.3671759,2755.367176,15.83468157,
16.03672414,4.634541703,757.4693925,2757.469393,15.71117801,
16.05527762,2.876231893,759.0137328,2759.013733,15.5779105,
16.06750789,1.781395918,759.7469129,2759.746913,15.48746166,
16.06890084,1.661195792,759.8164152,2759.816415,15.47713884,
16.06923708,1.63246276,759.8327698,2759.83277,15.47464836,
16.06957332,1.604166182,759.8489607,2759.848961,15.47215968,
16.06990956,1.576486313,759.864988,2759.864988,15.46967427,
16.0702458,1.549534769,759.8808523,2759.880852,15.46719377,
16.07058204,1.523375188,759.8965538,2759.896554,15.46471991,
16.07096685,1.494447241,759.9143244,2759.914324,15.46189907,
16.07139885,1.463266015,759.9340226,2759.934023,15.45874837,
16.07190586,1.428385633,759.9568039,2759.956804,15.4550765,
16.07250911,1.389196651,759.9834393,2759.983439,15.45075046,
16.07324805,1.34439212,760.0153773,2760.015377,15.44552467,
16.07418255,1.29230773,760.054701,2760.054701,15.43904711,
16.07551754,1.225641256,760.1088639,2760.108864,15.43007835,
16.07781773,1.128149996,760.1968743,2760.196874,15.41549069,
16.0820825,0.989116681,760.3437846,2760.343785,15.391488,
16.08713196,0.869530399,760.4940966,2760.494097,15.36793855,
16.09311219,0.765514243,760.645099,2760.645099,15.34585007,
16.100438,0.670990434,760.7989179,2760.798918,15.32541274,
16.1083073,0.595888286,760.9352421,2760.935242,15.30936453,
16.1176328,0.534498966,761.0684502,2761.06845,15.29599409,
16.12707084,0.495072548,761.1809819,2761.180982,15.2869823,
16.13827201,0.465416865,761.2948492,2761.294849,15.28035691,
16.15126959,0.442715539,761.4096414,2761.409641,15.27615743,
16.16641797,0.422842115,761.5289236,2761.528924,15.27391885,
16.16876519,0.419791099,761.5464229,2761.546423,15.27372022,
16.1687653,0.419790946,761.5464237,2761.546424,15.27372021,
16.16876565,0.419790485,761.5464263,2761.546426,15.27372018,
16.16877269,0.419780047,761.5464785,2761.546479,15.27371963,
16.16886608,0.418498767,761.5471702,2761.54717,15.2737104,
16.16897294,0.406702834,761.5479611,2761.547961,15.27368096,
16.16912398,0.344207853,761.5490777,2761.549078,15.27353403,
16.16923544,0.244310637,761.5498996,2761.5499,15.27327636,
16.16931069,0.143181416,761.5504526,2761.550453,15.27299316,
16.16939025,0.023440878,761.5510346,2761.551035,15.27260639,
16.16941619,-0.017240921,761.5512236,2761.551224,15.27246202,
16.16947506,-0.111650281,761.5516509,2761.551651,15.27210187,
16.16956449,-0.25734633,761.5522947,2761.552295,15.27147249,
16.16967187,-0.429943318,761.5530576,2761.553058,15.27059753,
16.16977292,-0.589020778,761.5537633,2761.553763,15.26966216,
16.16999152,-0.916700704,761.5552402,2761.55524,15.26730548,
16.17052095,-1.695947459,761.5584402,2761.55844,15.25974125,
16.1719795,-3.831790524,761.5628186,2761.562819,15.22615956,
16.17351078,-6.062554695,761.5565358,2761.556536,15.17274993,
16.1751187,-8.391943565,761.5329834,2761.532983,15.09915774,
16.17716535,-11.3406769,761.4707569,2761.470757,14.98309489,
16.17982288,-15.15681229,761.3238855,2761.323886,14.80080708,
16.1830297,-19.69594608,761.0285578,2761.028558,14.5424013,
16.18634556,-24.17092429,760.5683052,2760.568305,14.24256666,
16.19050002,-29.45526753,759.7486926,2759.748693,13.83446024,
16.19606374,-35.96402122,758.2042493,2758.204249,13.25086879,
16.20209655,-42.1047682,755.9429376,2755.942938,12.60677392,
16.20562148,-44.91067163,754.3462938,2754.346294,12.24391192,
16.21047691,-47.26998643,751.8418394,2751.841839,11.79531655,
16.21768654,-49.01233731,747.5842252,2747.584225,11.25648179,
16.22598999,-49.81169473,742.1031312,2742.103131,10.79912967,
16.23557788,-50.22144291,735.282519,2735.282519,10.41679791,
16.24661495,-50.41822484,727.041306,2727.041306,10.0882182,
16.2604652,-50.25218612,716.3752385,2716.375238,9.771857586,
16.27710863,-49.08983075,703.3953343,2703.395334,9.511425517,
16.29603996,-47.54031628,688.7781547,2688.778155,9.309096546,
16.32440704,-45.36720941,667.5408337,2667.540834,9.069251562,
16.3851405,-41.23645568,625.0641643,2625.064164,8.613735515,
16.50546457,-33.9935946,551.979894,2551.979894,7.844701698,
16.59924156,-29.12569473,504.0963239,2504.096324,7.348786003,
16.6626024,-26.44602272,475.61953,2475.61953,7.036358247,
16.73144142,-23.84890644,447.6094333,2447.609433,6.718381351,
16.82789464,-20.30605218,413.0636382,2413.063638,6.352417695,
16.93880963,-16.25141707,380.0314281,2380.031428,6.064408275,
17.01326372,-13.71447388,361.7978767,2361.797877,5.936521415,
17.12064869,-10.71067181,340.4208806,2340.420881,5.793678373,
17.22249134,-8.5063705,324.4652547,2324.465255,5.683737813,
17.32433398,-6.784097169,311.773593,2311.773593,5.593300439,
17.42617663,-5.434969084,301.6349381,2301.634938,5.518500087,
17.52801928,-4.375342891,293.4981885,2293.498188,5.456251353,
17.62986193,-3.540401124,286.9356646,2286.935665,5.404152769,
17.73170458,-2.880116619,281.6152245,2281.615224,5.360313507,
17.83354722,-2.355913295,277.2784434,2277.278443,5.323230092,
17.93538987,-1.938013753,273.7237723,2273.723772,5.291700705,
18.03723252,-1.603403241,270.7935909,2270.793591,5.264759529,
18.13907517,-1.334264914,268.3642545,2268.364254,5.241626223,
18.24091782,-1.116777269,266.3384415,2266.338442,5.22166711,
18.36301233,-0.90918526,264.3347533,2264.334753,5.201202897,
18.48531141,-0.746119763,262.6958757,2262.695876,5.18381809,
18.60761048,-0.61737989,261.3466946,2261.346695,5.168978442,
18.66345164,-0.567773249,260.8100018,2260.810002,5.162921497,
18.66364577,-0.567597981,260.8082135,2260.808214,5.162901173,
18.66388339,-0.567064024,260.8060251,2260.806025,5.162877111,
18.66412102,-0.566323145,260.8038375,2260.803838,5.16285432,
18.66441589,-0.56509655,260.8011242,2260.801124,5.162828412,
18.66479796,-0.562904657,260.7976107,2260.797611,5.162800231,
18.66532343,-0.55857782,260.7927831,2260.792783,5.162775513,
18.66606217,-0.54965819,260.7860084,2260.786008,5.162779902,
18.66696668,-0.53498532,260.7777415,2260.777741,5.162867234,
18.66722937,-0.530201978,260.7753482,2260.775348,5.162911443,
18.66755139,-0.524066223,260.7724201,2260.77242,5.162977779,
18.66861039,-0.502053715,260.7628438,2260.762844,5.163293451,
18.66978413,-0.475045467,260.7523505,2260.752351,5.163822741,
18.67103085,-0.444227387,260.7413848,2260.741385,5.164591298,
18.67209836,-0.416565506,260.7321753,2260.732175,5.16541338,
18.67326174,-0.385317639,260.7223613,2260.722361,5.166474279,
18.67475875,-0.343516627,260.7101259,2260.710126,5.1680808,
18.67698035,-0.27813844,260.6929158,2260.692916,5.170938923,
18.68508223,-0.00540521,260.6426756,2260.642676,5.185740419,
18.68881897,0.141411884,260.6278126,2260.627813,5.194750396,
18.69289833,0.333906403,260.6189464,2260.618946,5.206414727,
18.69745085,0.610482381,260.6198784,2260.619878,5.222607095,
18.70269988,1.029529891,260.6388212,2260.638821,5.247048594,
18.70912254,1.70057269,260.6965311,2260.696531,5.287835005,
18.7163936,2.64461179,260.823654,2260.823654,5.350492844,
18.72446068,3.850147539,261.0648884,2261.064888,5.439860821,
18.73252776,5.123278592,261.4341879,2261.434188,5.546049662,
18.74059484,6.364021412,261.9470421,2261.947042,5.66255633,
18.74980902,7.648436766,262.7151204,2262.71512,5.79926865,
18.76277051,9.14951586,264.110436,2264.110436,5.983557492,
18.77675739,10.46239175,265.9793136,2265.979314,6.163713433,
18.79127858,11.69282872,268.2567694,2268.256769,6.336341748,
18.80987957,13.29393454,271.6193142,2271.619314,6.555072698,
18.83757453,15.85349372,277.5346378,2277.534638,6.904369184,
18.87429365,19.33764254,287.1280957,2287.128096,7.415426449,
18.93250396,24.76870749,306.4792482,2306.479248,8.304787882,
18.98998396,30.25389175,330.5503934,2330.550393,9.291205445,
19.02535148,33.72878175,347.8837456,2347.883746,9.963681834,
19.04070659,35.14606403,356.0152583,2356.015258,10.26539933,
19.05281566,36.19001013,362.6739755,2362.673976,10.50096511,
19.07764372,38.59780902,376.9972302,2376.99723,11.00975614,
19.14720068,45.33785956,422.1515522,2422.151552,12.5538052,
19.16813022,47.26873827,437.1933174,2437.193317,13.04130292,
19.20537731,50.88897534,465.5958818,2465.595882,13.94649045,
19.23298758,53.53795802,488.0268419,2488.026842,14.64702629,
19.23686364,53.81683023,491.2690393,2491.269039,14.74550188,
19.24835581,53.81519152,500.9889906,2500.988991,15.00391938,
19.26425446,52.78903937,514.5225068,2514.522507,15.262345,
19.28434484,50.95252705,531.4062943,2531.406294,15.48230459,
19.31324301,48.16044192,554.8155594,2554.815559,15.71125911,
19.37224656,42.54176246,598.784589,2598.784589,16.06326927,
19.42947514,37.08475669,636.4216761,2636.421676,16.2987066,
19.46611201,33.58639938,657.9008367,2657.900837,16.3958277,
19.51051149,29.40450441,681.2030366,2681.203037,16.46777767,
19.54749562,25.95355752,698.3659554,2698.365955,16.49154076,
19.58491765,22.31816675,713.6382876,2713.638288,16.46528888,
19.6400594,16.91941255,732.1932246,2732.193225,16.33991747,
19.69020716,12.11285963,744.9703403,2744.97034,16.14912834,
19.73891191,7.568376022,753.7277558,2753.727756,15.90251672,
19.75725123,5.821107752,756.1085357,2756.108536,15.79150058,
19.77484799,4.108998977,757.9140297,2757.91403,15.67157482,
19.79381638,2.343530008,759.3293734,2759.329373,15.5333729,
19.80109591,1.702779348,759.7291464,2759.729146,15.47942735,
19.80167904,1.652635928,759.7578118,2759.757812,15.47510718,
19.80201082,1.624385216,759.7739014,2759.773901,15.47265026,
19.80234261,1.596616922,759.7898315,2759.789832,15.47019547,
19.80267439,1.569483756,759.8056026,2759.805603,15.46774428,
19.80300617,1.54307925,759.821215,2759.821215,15.46529829,
19.80334328,1.51705059,759.836916,2759.836916,15.46282007,
19.80374166,1.487362584,759.8552606,2759.855261,15.45990293,
19.80419388,1.455069816,759.875811,2759.875811,15.45660979,
19.80472479,1.41902387,759.8995677,2759.899568,15.45277328,
19.80535595,1.378667323,759.927297,2759.927297,15.44826096,
19.80612719,1.332771224,759.9604324,2759.960432,15.44282973,
19.80714469,1.277395578,760.0029136,2760.002914,15.43582151,
19.80861693,1.206256425,760.0619647,2760.061965,15.42603456,
19.81143577,1.093447102,760.167478,2760.167478,15.40857225,
19.81583422,0.960348233,760.3142061,2760.314206,15.38477148,
19.82108606,0.844549874,760.465017,2760.465017,15.3614552,
19.82730058,0.743581481,760.6157752,2760.615775,15.33982269,
19.83495812,0.651217664,760.7696197,2760.76962,15.31989803,
19.84321254,0.578675825,760.9059034,2760.905903,15.30440209,
19.85245701,0.523807522,761.0321115,2761.032111,15.29231654,
19.86229984,0.487017187,761.1448751,2761.144875,15.28386344,
19.87357051,0.460023329,761.2555865,2761.255586,15.27798517,
19.88691854,0.438481288,761.3703756,2761.370376,15.27426623,
19.90141886,0.419783269,761.4825582,2761.482558,15.27244175,
19.90144483,0.419749144,761.4827505,2761.482751,15.2724397,
19.90144494,0.419748993,761.4827514,2761.482751,15.27243969,
19.90144537,0.419748433,761.4827545,2761.482755,15.27243966,
19.90145656,0.419729715,761.4828374,2761.482837,15.27243877,
19.90157568,0.416979388,761.4837194,2761.483719,15.27242508,
19.90170723,0.391550171,761.4846926,2761.484693,15.27236616,
19.9018579,0.302485453,761.4858054,2761.485805,15.27214889,
19.90193823,0.215669428,761.486397,2761.486397,15.27191867,
19.90202284,0.095236396,761.4870177,2761.487018,15.27156493,
19.90207782,0.011050133,761.4874192,2761.487419,15.27128275,
19.90210198,-0.02701991,761.4875951,2761.487595,15.27114603,
19.90216829,-0.133761612,761.4880759,2761.488076,15.27073201,
19.90228587,-0.324853503,761.4889192,2761.488919,15.26986695,
19.90239268,-0.495425984,761.4896731,2761.489673,15.26894849,
19.90251475,-0.683627445,761.4905171,2761.490517,15.26775764,
19.90283386,-1.156717092,761.4926125,2761.492613,15.26397759,
19.90377302,-2.535387107,761.4974016,2761.497402,15.24743844,
19.90539872,-4.910562871,761.4977889,2761.497789,15.20125984,
19.90702441,-7.272136821,761.483108,2761.483108,15.13539098,
19.90882689,-9.87533404,761.4430071,2761.443007,15.04246311,
19.91123359,-13.33543439,761.3404825,2761.340483,14.89063993,
19.91423727,-17.62816588,761.1177018,2761.117702,14.66432061,
19.91773669,-22.46662108,760.7032224,2760.703222,14.36098588,
19.92139802,-27.20971671,760.0706619,2760.070662,14.01206368,
19.92588549,-32.72023862,758.9988619,2758.998862,13.55291755,
19.9321649,-39.56083919,756.932454,2756.932454,12.88332133,
19.93666242,-43.73849095,755.0495546,2755.049555,12.40858057,
19.94099085,-46.37437112,752.9364077,2752.936408,11.98582601,
19.94737009,-48.46245908,749.3583405,2749.358341,11.46130018,
19.95500818,-49.54195878,744.518336,2744.518336,10.98165482,
19.96385421,-50.06151862,738.4030082,2738.403008,10.5768963,
19.97493449,-50.35690848,730.2721068,2730.272107,10.20677972,
19.98559101,-50.46016785,722.1634928,2722.163493,9.932100903,
20.00274798,-49.63487599,708.8269269,2708.826927,9.607381354,
20.0201706,-48.23222854,695.285528,2695.285528,9.392370062,
20.04387716,-46.34530632,677.2640284,2677.264028,9.175721889,
20.09024061,-43.05026068,643.8056636,2643.805664,8.814293955,
20.18643628,-36.96419087,581.635113,2581.635113,8.154344214,
20.31543966,-29.91505341,511.9492693,2511.949269,7.430242103,
20.37252626,-27.35420355,485.495581,2485.495581,7.147447286,
20.43556071,-24.90642313,458.852869,2458.852869,6.845372022,
20.52276579,-21.6923152,425.9340471,2425.934047,6.482907075,
20.64532796,-17.19186143,387.1577781,2387.157778,6.12009016,
20.72299192,-14.46033874,367.0771208,2367.077121,5.971932156,
20.81871955,-11.59183582,346.7280037,2346.728004,5.83620427,
20.93471038,-8.904974019,327.3716667,2327.371667,5.70404522,
21.05070121,-6.87789111,312.4711353,2312.471135,5.598353564,
21.16669203,-5.34323346,300.9373535,2300.937354,5.513248989,
21.28268286,-4.17735979,291.9558896,2291.95589,5.444176627,
21.39867369,-3.287860899,284.9165604,2284.91656,5.387704851,
21.51466452,-2.605956298,279.3616621,2279.361662,5.341213437,
21.63065535,-2.080471311,274.946971,2274.946971,5.302679972,
21.74664617,-1.67327343,271.4127585,2271.412758,5.270532845,
21.862637,-1.355895121,268.562308,2268.562308,5.243542177,
21.97862783,-1.107030831,266.2459913,2266.245991,5.220739062,
22.09461866,-0.910685599,264.3494634,2264.349463,5.201355421,
22.21727023,-0.746883524,262.7036448,2262.703645,5.183901396,
22.34031221,-0.617289763,261.345656,2261.345656,5.168966161,
22.39615544,-0.567690264,260.809022,2260.809022,5.162909715,
22.39637729,-0.567443967,260.8069786,2260.806979,5.162886572,
22.39661348,-0.566860877,260.8048038,2260.804804,5.162862909,
22.39685684,-0.566054961,260.8025638,2260.802564,5.162839913,
22.39716683,-0.564680186,260.799712,2260.799712,5.162813394,
22.39757614,-0.562153392,260.795949,2260.795949,5.162784963,
22.3981303,-0.557219126,260.7908599,2260.79086,5.162763386,
22.39893738,-0.546710561,260.7834634,2260.783463,5.162781321,
22.39971657,-0.533669502,260.7763474,2260.776347,5.162868926,
22.39995895,-0.529212546,260.7741402,2260.77414,5.16291157,
22.40029013,-0.522853827,260.7711303,2260.77113,5.162982137,
22.40132563,-0.501217997,260.7617714,2260.761771,5.163297369,
22.40251294,-0.473818239,260.7511633,2260.751163,5.163839616,
22.40375756,-0.442986169,260.7402252,2260.740225,5.164614847,
22.40482061,-0.41540098,260.7310629,2260.731063,5.165439548,
22.40598317,-0.384139579,260.7212658,2260.721266,5.166505639,
22.40747646,-0.342400465,260.7090746,2260.709075,5.168114985,
22.40967277,-0.277728785,260.6920758,2260.692076,5.170946438,
22.41785698,-0.001884877,260.6414851,2260.641485,5.1859403,
22.4216746,0.148840278,260.6265252,2260.626525,5.195197143,
22.4258056,0.346019117,260.6179659,2260.617966,5.207121102,
22.43030415,0.622491043,260.6194362,2260.619436,5.223291679,
22.43557375,1.047198462,260.6392184,2260.639218,5.248077487,
22.44203399,1.727802322,260.6987315,2260.698731,5.289537867,
22.4492632,2.671275331,260.8272776,2260.827278,5.352343295,
22.457179,3.855996788,261.0655729,2261.065573,5.440307797,
22.46509479,5.10531121,261.427288,2261.427288,5.544449767,
22.47301059,6.324584546,261.9271068,2261.927107,5.658623403,
22.48219724,7.610303629,262.6870498,2262.68705,5.794936043,
22.49497495,9.100013339,264.0523348,2264.052335,5.977048458,
22.50873692,10.40091494,265.8768229,2265.876823,6.155066617,
22.52319113,11.62801411,268.1275988,2268.127599,6.327336322,
22.54139391,13.19034377,271.3932908,2271.393291,6.541060302,
22.57103089,15.92677919,277.7153219,2277.715322,6.914607215,
22.60823447,19.45581707,287.4920526,2287.492053,7.433633689,
22.66381487,24.64039831,305.9641875,2305.964188,8.282641288,
22.71943862,29.9346604,329.0643356,2329.064336,9.232169244,
22.75479702,33.41595735,346.2141149,2346.214115,9.900522086,
22.77355972,35.15935508,356.1055266,2356.105527,10.26861656,
22.78738965,36.37178309,363.7306182,2363.730618,10.53828258,
22.81761818,39.30317304,381.3789555,2381.378955,11.1641252,
22.88430667,45.75673023,425.2719309,2425.271931,12.65655848,
22.90475721,47.64643172,440.0974861,2440.097486,13.13412708,
22.94801747,51.85668901,473.5457592,2473.545759,14.19660939,
22.96595451,53.56329728,488.2592625,2488.259262,14.65413523,
22.97062745,53.86305911,492.1725645,2492.172565,14.77211727,
22.98299879,53.73270941,502.6522465,2502.652247,15.04143218,
22.99982089,52.54356477,516.9630945,2516.963095,15.29923867,
23.02087515,50.58144081,534.5833204,2534.58332,15.51656148,
23.05222928,47.55336028,559.7558755,2559.755876,15.75446712,
23.12584689,40.56011319,613.1061479,2613.106148,16.16091323,
23.16597669,36.71056982,638.7481419,2638.748142,16.31008305,
23.20763033,32.74775635,662.7664547,2662.766455,16.41403325,
23.24740145,29.0178465,683.2478072,2683.247807,16.47211278,
23.28404779,25.57960759,700.0341058,2700.034106,16.49096988,
23.32265228,21.82316021,715.5246064,2715.524606,16.45771152,
23.37895842,16.31473758,733.9769571,2733.976957,16.3196539,
23.43006901,11.43801584,746.4733803,2746.47338,16.11638747,
23.47386955,7.356454677,754.0385435,2754.038544,15.88917123,
23.49256911,5.563171977,756.3972044,2756.397204,15.77405173,
23.51034504,3.839837902,758.1466742,2758.146674,15.65119407,
23.52910343,2.111075758,759.4692559,2759.469256,15.51380824,
23.53406204,1.678095643,759.7309993,2759.730999,15.4770525,
23.53442918,1.646584694,759.7489517,2759.748952,15.47433283,
23.534767,1.617912495,759.7652974,2759.765297,15.47183164,
23.53510482,1.589783335,759.781478,2759.781478,15.46933299,
23.53544263,1.562341484,759.7974937,2759.797494,15.46683847,
23.53578045,1.535672908,759.8133451,2759.813345,15.46434981,
23.53613184,1.508801262,759.8296598,2759.82966,15.46176918,
23.53653757,1.478901363,759.8482774,2759.848277,15.45880229,
23.53701159,1.445489235,759.869732,2759.869732,15.45535692,
23.53756976,1.408181706,759.8945892,2759.894589,15.45133407,
23.53823444,1.366471986,759.923622,2759.923622,15.44659974,
23.53906008,1.318449497,759.9588385,2759.958838,15.44081633,
23.54016984,1.259792465,760.0047267,2760.004727,15.43323428,
23.54188552,1.18036635,760.0725111,2760.072511,15.42199307,
23.54535195,1.051574084,760.1985208,2760.198521,15.40120894,
23.54997146,0.924430619,760.3462107,2760.346211,15.37752455,
23.55541522,0.814705648,760.4953769,2760.495377,15.35489286,
23.56213707,0.714640614,760.6499658,2760.649966,15.33330397,
23.56989049,0.628922149,760.7971572,2760.797157,15.31488988,
23.57859265,0.560047175,760.9329428,2760.932943,15.30012234,
23.58790138,0.511669623,761.0533682,2761.053368,15.28929902,
23.59832642,0.477755272,761.1671305,2761.16713,15.28152,
23.61024852,0.452702542,761.2791512,2761.279151,15.27633257,
23.6240725,0.432574079,761.3937775,2761.393777,15.27327806,
23.63412442,0.419745731,761.4704129,2761.470413,15.27219195,
23.6341245,0.41974563,761.4704135,2761.470413,15.27219194,
23.63412468,0.419745389,761.4704149,2761.470415,15.27219193,
23.6341258,0.419743902,761.4704232,2761.470423,15.27219184,
23.63418696,0.419350564,761.470876,2761.470876,15.27218654,
23.63431474,0.410063323,761.4718218,2761.471822,15.27216042,
23.63445723,0.360019272,761.4728754,2761.472875,15.27204431,
23.63458427,0.256138929,761.4738124,2761.473812,15.27177985,
23.6346527,0.167900571,761.4743155,2761.474315,15.27153756,
23.63474527,0.03000781,761.474993,2761.474993,15.27110101,
23.63477261,-0.012760978,761.4751922,2761.475192,15.27095015,
23.63482994,-0.104553106,761.4756084,2761.475608,15.27060212,
23.63495456,-0.307230913,761.4765039,2761.476504,15.26970626,
23.63505459,-0.467315468,761.4772115,2761.477212,15.26886158,
23.63519641,-0.686682464,761.4781935,2761.478193,15.26748893,
23.63552064,-1.167237217,761.4803198,2761.48032,15.26363422,
23.6364607,-2.547157549,761.4850935,2761.485094,15.24701551,
23.6379808,-4.768390983,761.4857975,2761.485797,15.20436645,
23.6395009,-6.97774881,761.4736112,2761.473611,15.14435848,
23.64127516,-9.541889704,761.4374244,2761.437424,15.05521238,
23.6436283,-12.9260421,761.343557,2761.343557,14.90985756,
23.64650041,-17.03730353,761.143186,2761.143186,14.69758181,
23.64994576,-21.8325655,760.7570732,2760.757073,14.40351109,
23.65325105,-26.16010623,760.2197094,2760.219709,14.0928895,
23.65742303,-31.36427641,759.2910737,2759.291074,13.67205155,
23.66348632,-38.16881396,757.4232052,2757.423205,13.02849425,
23.66872389,-43.23347596,755.3155076,2755.315508,12.47234698,
23.67256643,-45.82656579,753.4895487,2753.489549,12.08858457,
23.67874996,-48.1551465,750.1144508,2750.114451,11.55822038,
23.68607638,-49.38747674,745.5678174,2745.567817,11.07083481,
23.69490905,-49.99071932,739.5450385,2739.545039,10.64192546,
23.70562542,-50.32649452,731.7471126,2731.747113,10.26519579,
23.7162689,-50.46010619,723.6899032,2723.689903,9.979366204,
23.73242988,-49.84951224,711.1553611,2711.155361,9.653897232,
23.74942945,-48.51298623,697.9187324,2697.918732,9.428794812,
23.77209535,-46.68720673,680.599703,2680.599703,9.213199796,
23.81299729,-43.72317466,650.7557094,2650.755709,8.888779525,
23.90152199,-38.02399324,592.3049183,2592.304918,8.266382996,
24.03361672,-30.64675419,519.0632537,2519.063254,7.503467187,
24.09567465,-27.74936645,489.7417388,2489.741739,7.194470257,
24.16780759,-24.92208375,459.0215879,2459.021588,6.847290602,
24.24460646,-22.08936206,429.7788692,2429.778869,6.523423862,
24.36689426,-17.59618469,390.3090088,2390.309009,6.14587943,
24.45184187,-14.5882807,367.9848363,2367.984836,5.978102204,
24.54341526,-11.80602978,348.2559216,2348.255922,5.846440262,
24.65238964,-9.210829885,329.5950489,2329.595049,5.719490924,
24.76136402,-7.220173589,315.0099846,2315.009985,5.616659369,
24.87033839,-5.688355909,303.5556228,2303.555623,5.532880662,
24.97931277,-4.506178901,294.5131172,2294.513117,5.464144297,
25.08828715,-3.590554783,287.3344815,2287.334481,5.407375462,
25.19726153,-2.878466183,281.6016784,2281.601678,5.360198951,
25.3062359,-2.322196564,276.9951709,2276.995171,5.32075743,
25.41521028,-1.885574854,273.2700496,2273.27005,5.287589343,
25.52418466,-1.54114155,270.238015,2270.238015,5.259537548,
25.63315903,-1.268010713,267.7537768,2267.753777,5.23568029,
25.74213341,-1.050257329,265.7047891,2265.704789,5.215279114,
25.86076473,-0.861987002,263.8670877,2263.867088,5.196306002,
25.99168672,-0.699462191,262.21335,2262.21335,5.178569736,
26.1226087,-0.572956749,260.8665111,2260.866511,5.163563049,
26.12890876,-0.567615782,260.8082069,2260.808207,5.162900404,
26.12911764,-0.567301452,260.8062832,2260.806283,5.162878792,
26.12935358,-0.5666687,260.804111,2260.804111,5.162855459,
26.12961764,-0.565723094,260.8016809,2260.801681,5.162831046,
26.12995484,-0.56408301,260.7985792,2260.798579,5.162803454,
26.13040145,-0.561021604,260.7944745,2260.794475,5.162775568,
26.13101549,-0.554898245,260.7888382,2260.788838,5.162760144,
26.1319283,-0.541740966,260.7804814,2260.780481,5.162805906,
26.13246697,-0.532374696,260.775567,2260.775567,5.162879017,
26.13273938,-0.52729744,260.7730878,2260.773088,5.162929948,
26.13329341,-0.5163497,260.7680607,2260.768061,5.163063516,
26.13448216,-0.490486558,260.7573576,2260.757358,5.163490232,
26.13582123,-0.458459502,260.7454775,2260.745478,5.164203439,
26.13711066,-0.425618185,260.7342648,2260.734265,5.1651187,
26.13825712,-0.395163769,260.7245216,2260.724522,5.166112952,
26.13965524,-0.356590782,260.7129765,2260.712976,5.167544225,
26.14176945,-0.295275394,260.6963364,2260.696336,5.170140879,
26.14781343,-0.099698208,260.6556357,2260.655636,5.180208052,
26.15256462,0.07567034,260.6326248,2260.632625,5.190672078,
26.15652931,0.246792531,260.6208177,2260.620818,5.20118385,
26.16095477,0.48879557,260.6170974,2260.617097,5.215510308,
26.1657439,0.830428183,260.6269183,2260.626918,5.235372246,
26.17171516,1.390450327,260.6654157,2260.665416,5.268631414,
26.17813581,2.153625344,260.7501494,2260.750149,5.317075275,
26.18603058,3.268736888,260.9360191,2260.936019,5.395430953,
26.19392534,4.49602156,261.2347162,2261.234716,5.492139627,
26.20182011,5.73741636,261.6647812,2261.664781,5.601971524,
26.21020776,6.978210465,262.2765801,2262.27658,5.725680764,
26.22092902,8.358326178,263.2907605,2263.29076,5.882993134,
26.23461653,9.78617321,264.9330266,2264.933027,6.069405685,
26.24830405,10.99185081,266.9094751,2266.909475,6.238296197,
26.26418947,12.33170498,269.5619723,2269.561972,6.424365488,
26.28831489,14.4792197,274.2731254,2274.273125,6.715477988,
26.31962947,17.4414178,281.6434643,2281.643464,7.131073877,
26.37465487,22.60765027,298.1565711,2298.156571,7.938741731,
26.42913542,27.71155839,318.9549647,2318.954965,8.825539987,
26.47085292,31.79688322,337.9063514,2337.906351,9.580984146,
26.50077113,34.68790947,353.1663013,2353.166301,10.16118669,
26.51440974,35.84023507,360.5767652,2360.576765,10.42708406,
26.53245221,37.57556435,370.7922509,2370.792251,10.78956288,
26.60496602,44.60184354,416.8526253,2416.852625,12.37785097,
26.62669176,46.6389898,432.2290966,2432.229097,12.88231427,
26.65006688,48.87710795,449.565,2449.565,13.43708801,
26.69477977,53.20468786,485.054638,2485.054638,14.55530085,
26.6999595,53.67395469,489.3645181,2489.364518,14.6879955,
26.70805805,53.93652161,496.1794055,2496.179406,14.88418071,
26.7222928,53.34772466,508.2852989,2508.285299,15.15568218,
26.74051675,51.82125691,523.7254349,2523.725435,15.39134008,
26.76456409,49.5161452,543.5798285,2543.579829,15.60722973,
26.80383645,45.7438663,574.2498976,2574.249898,15.87599965,
26.88353492,38.18553992,629.3701536,2629.370154,16.2604894,
26.91221368,35.41111946,646.8537839,2646.853784,16.34822748,
26.96600243,30.31408432,676.267828,2676.267828,16.45548415,
26.99857969,27.3073047,691.9677598,2691.96776,16.48716654,
27.03682885,23.62864853,708.3833336,2708.383334,16.48006687,
27.08417185,18.9945033,725.5906965,2725.590697,16.39933052,
27.13630518,13.93732884,740.5059266,2740.505927,16.22969801,
27.19522593,8.406952701,752.3547208,2752.354721,15.95276806,
27.21781596,6.287068569,755.520099,2755.520099,15.82161177,
27.23651402,4.464643625,757.5598575,2757.559858,15.69734058,
27.25521208,2.702311873,759.063961,2759.063961,15.56234809,
27.26588524,1.751961399,759.6859465,2759.685947,15.48334929,
27.26696126,1.659222438,759.7393459,2759.739346,15.47537639,
27.26730341,1.630010748,759.7559734,2759.755973,15.47284244,
27.26764556,1.601269217,759.7724314,2759.772431,15.47031047,
27.26798771,1.573180262,759.7887202,2759.78872,15.46778204,
27.26832986,1.545855187,759.8048401,2759.80484,15.46525892,
27.26867201,1.519355972,759.8207916,2759.820792,15.4627429,
27.26906304,1.490117299,759.8388168,2759.838817,15.45987843,
27.26950469,1.458441615,759.8589129,2759.858913,15.45666041,
27.27002439,1.422959386,759.8822073,2759.882207,15.4529015,
27.27064402,1.383072421,759.9094857,2759.909486,15.44846598,
27.27140583,1.337386934,759.9422944,2759.942294,15.44309195,
27.27238158,1.28375218,759.983164,2759.983164,15.43635349,
27.27380918,1.213832977,760.0406912,2760.040691,15.42682198,
27.27638321,1.108304607,760.1379374,2760.137937,15.41071512,
27.28076055,0.971677506,760.2859302,2760.28593,15.38663249,
27.28592886,0.854431108,760.4364984,2760.436498,15.36322565,
27.29203106,0.752520133,760.5869643,2760.586964,15.34146191,
27.29960322,0.658699017,760.7417815,2760.741782,15.32120292,
27.30765162,0.585554877,760.8772172,2760.877217,15.30558452,
27.31728331,0.526329263,761.010698,2761.010698,15.29259335,
27.32708964,0.488711287,761.124076,2761.124076,15.28395741,
27.33866175,0.46053674,761.2383738,2761.238374,15.2777932,
27.35207824,0.438745892,761.3539987,2761.353999,15.27400735,
27.36678969,0.419763644,761.4678846,2761.467885,15.27214448,
27.3668041,0.41974471,761.4679913,2761.467991,15.27214334,
27.36680423,0.419744525,761.4679923,2761.467992,15.27214333,
27.36680479,0.419743789,761.4679964,2761.467996,15.27214329,
27.36683155,0.419670496,761.4681946,2761.468195,15.27214112,
27.36697627,0.412886961,761.4692659,2761.469266,15.27211835,
27.36710703,0.375270335,761.4702329,2761.470233,15.27203199,
27.36724624,0.274868681,761.4712604,2761.47126,15.27178084,
27.36731331,0.194485025,761.4717538,2761.471754,15.27156413,
27.36740515,0.060387551,761.4724268,2761.472427,15.27115522,
27.36744649,-0.003700664,761.4727283,2761.472728,15.27093409,
27.36747771,-0.053251982,761.4729554,2761.472955,15.27075218,
27.36758143,-0.221631301,761.4737044,2761.473704,15.27005901,
27.36769489,-0.404590492,761.4745126,2761.474513,15.26915817,
27.36780967,-0.58570017,761.4753153,2761.475315,15.26810646,
27.36802396,-0.90711084,761.4767642,2761.476764,15.26580512,
27.36854679,-1.676705641,761.4799349,2761.479935,15.25838257,
27.36991856,-3.685775759,761.4843544,2761.484354,15.22744657,
27.37146315,-5.936580782,761.4788308,2761.478831,15.17464891,
27.37320236,-8.456241792,761.4535951,2761.453595,15.09530364,
27.37527223,-11.43790592,761.3895434,2761.389543,14.97728382,
27.37802458,-15.3891876,761.2337234,2761.233723,14.78705732,
27.38124243,-19.93651595,760.9300557,2760.930056,14.52584585,
27.38455203,-24.38800323,760.4621629,2760.462163,14.22519424,
27.38856642,-29.48796068,759.6639288,2759.663929,13.8301318,
27.39407993,-35.93729095,758.1332531,2758.133253,13.25179577,
27.40017717,-42.1413452,755.8469278,2755.846928,12.60090517,
27.40384692,-45.02480972,754.1781708,2754.178171,12.22402353,
27.40873891,-47.34436244,751.6409762,2751.640976,11.77502943,
27.41578442,-49.01490906,747.4694615,2747.469461,11.25146224,
27.42395016,-49.80025646,742.0800916,2742.080092,10.80171819,
27.43350151,-50.21115755,735.2903413,2735.290341,10.41974614,
27.44452237,-50.40944478,727.0657701,2727.06577,10.09072851,
27.45821066,-50.25914703,716.5294157,2716.529416,9.776691357,
27.47460586,-49.12663455,703.7448897,2703.74489,9.517486935,
27.49339225,-47.58901241,689.2325716,2689.232572,9.314744165,
27.52162288,-45.42074389,668.0770489,2668.077049,9.075057031,
27.58154313,-41.33653174,626.0954379,2626.095438,8.624750603,
27.69809424,-34.28975894,554.9211227,2554.921123,7.875331048,
27.79718744,-29.12575749,504.0969219,2504.096922,7.348793098,
27.8605063,-26.44776029,475.6380183,2475.638018,7.036564145,
27.92931206,-23.85177057,447.638919,2447.638919,6.718706816,
28.02424761,-20.36471655,413.5905169,2413.590517,6.357584554,
28.13527514,-16.30435741,380.4255881,2380.425588,6.067392754,
28.20897101,-13.78581297,362.3024699,2362.30247,5.939882171,
28.31528044,-10.79205164,341.0048757,2341.004876,5.797635465,
28.41719423,-8.568489633,324.9188424,2324.918842,5.686915635,
28.51910802,-6.831631473,312.1271841,2312.127184,5.595862958,
28.62102182,-5.471412262,301.911662,2301.911662,5.520578103,
28.72293561,-4.403350974,293.7156806,2293.715681,5.457945575,
28.82484941,-3.561989237,287.1073768,2287.107377,5.405540875,
28.9267632,-2.896809507,281.7514322,2281.751432,5.361456165,
29.028677,-2.368865311,277.387013,2277.387013,5.32417497,
29.13059079,-1.948099792,273.8107412,2273.810741,5.292485447,
29.23250458,-1.61128728,270.8636066,2270.863607,5.265414018,
29.33441838,-1.340451762,268.4209059,2268.420906,5.242174299,
29.43633217,-1.121651559,266.3845098,2266.38451,5.222127883,
29.55764382,-0.914176975,264.3838393,2264.383839,5.201713251,
29.67997641,-0.750007439,262.7356965,2262.735697,5.184247649,
29.802309,-0.620428489,261.3792618,2261.379262,5.169342309,
29.86153157,-0.567661628,260.8087052,2260.808705,5.162906074,
29.86174855,-0.567405252,260.8067068,2260.806707,5.162883471,
29.86198285,-0.566817242,260.8045495,2260.804549,5.162860051,
29.86222761,-0.56599689,260.8022968,2260.802297,5.162836997,
29.86253908,-0.564598747,260.7994315,2260.799431,5.162810495,
29.86295536,-0.561992904,260.7956046,2260.795605,5.162781944,
29.86351839,-0.556896961,260.7904345,2260.790434,5.162761055,
29.86433678,-0.546080367,260.7829355,2260.782935,5.162782183,
29.86508731,-0.533448827,260.7760823,2260.776082,5.162868906,
29.86533999,-0.528790293,260.7737816,2260.773782,5.162913899,
29.86572152,-0.521416705,260.7703154,2260.770315,5.162997543,
29.86689254,-0.496589183,260.7597455,2260.759746,5.163376304,
29.8681697,-0.46660525,260.7483704,2260.74837,5.16400394,
29.86951565,-0.432746103,260.7366071,2260.736607,5.164905112,
29.87063236,-0.40335369,260.727061,2260.727061,5.165832554,
29.8719853,-0.366379666,260.7158009,2260.715801,5.167164127,
29.87377952,-0.315087768,260.7014662,2260.701466,5.169263547,
29.87884222,-0.156064581,260.665582,2260.665582,5.17708649,
29.88461316,0.051017539,260.6351324,2260.635132,5.189155274,
29.8885801,0.217229169,260.6221698,2260.62217,5.19939101,
29.89261286,0.427206523,260.6169449,2260.616945,5.211905709,
29.89724662,0.737947305,260.6229554,2260.622955,5.229992469,
29.90296483,1.242477853,260.6530684,2260.653068,5.259690738,
29.90945544,1.979539916,260.7277653,2260.727765,5.305655304,
29.91722787,3.047842395,260.8931709,2260.893171,5.379200747,
29.92528168,4.286718145,261.1758659,2261.175866,5.474845312,
29.93333549,5.557000416,261.5925852,2261.592585,5.585199687,
29.94148621,6.779608297,262.1630964,2262.163096,5.704835211,
29.95179521,8.142585928,263.1014682,2263.101468,5.856893176,
29.96561221,9.626457326,264.7117356,2264.711736,6.047525765,
29.97962127,10.87642807,266.6992614,2266.699261,6.22204496,
29.99511561,12.18222237,269.2513904,2269.25139,6.403882922,
