Time (s),Flow (L/min),Delivered Tidal Volume (mL),Lung Volume (mL),Lung Pressure (cm H2O),Pressure Premask (cm H2O)
0.000,0.000,0.000,2000.000,0.000,0.000
0.025,0.411,0.676,2000.676,0.166,0.166
0.050,4.484,1.451,2001.451,0.315,0.315
0.074,9.863,3.596,2003.596,0.805,0.805
0.099,12.639,7.569,2007.569,1.234,1.234
0.124,14.595,12.754,2012.754,1.568,1.568
0.149,16.857,18.917,2018.917,1.922,1.922
0.174,19.356,26.162,2026.162,2.323,2.323
0.198,21.940,34.450,2034.450,2.760,2.760
0.223,24.550,43.849,2043.849,3.227,3.227
0.248,27.171,54.986,2054.986,3.732,3.732
0.273,29.795,66.501,2066.501,4.244,4.244
0.298,32.382,79.549,2079.549,4.785,4.785
0.323,34.843,93.598,2093.598,5.337,5.337
0.347,37.300,109.257,2109.257,5.905,5.905
0.372,39.779,125.820,2125.820,6.490,6.490
0.397,42.244,143.048,2143.048,7.085,7.085
0.422,44.682,161.718,2161.718,7.699,7.699
0.447,47.086,180.822,2180.822,8.318,8.318
0.471,49.433,201.482,2201.482,8.959,8.959
0.496,51.811,223.051,2223.051,9.616,9.616
0.521,54.172,245.005,2245.005,10.278,10.278
0.546,56.480,268.186,2268.186,10.960,10.960
0.571,58.789,292.304,2292.304,11.657,11.657
0.595,58.122,317.153,2317.153,12.209,12.209
0.620,55.656,341.734,2341.734,12.527,12.527
0.645,53.035,365.319,2365.319,12.731,12.731
0.670,51.857,387.932,2387.932,13.010,13.010
0.695,49.337,409.747,2409.747,13.217,13.217
0.719,46.517,430.403,2430.403,13.353,13.353
0.744,43.696,449.418,2449.418,13.445,13.445
0.769,40.895,467.574,2467.574,13.517,13.517
0.794,38.099,485.548,2485.548,13.587,13.587
0.819,35.388,500.505,2500.505,13.610,13.610
0.844,32.677,515.463,2515.463,13.633,13.633
0.868,29.996,529.920,2529.920,13.649,13.649
0.893,27.411,542.452,2542.452,13.641,13.641
0.918,24.759,553.556,2553.556,13.607,13.607
0.943,22.089,564.098,2564.098,13.560,13.560
0.968,19.370,573.157,2573.157,13.479,13.479
0.992,16.690,581.425,2581.425,13.385,13.385
1.017,14.063,588.647,2588.647,13.273,13.273
1.042,11.565,594.261,2594.261,13.141,13.141
1.067,9.106,599.305,2599.305,13.002,13.002
1.092,6.678,603.239,2603.239,12.846,12.846
1.116,4.190,606.125,2606.125,12.668,12.668
1.141,1.842,608.010,2608.010,12.472,12.472
1.166,1.109,608.984,2608.984,12.345,12.345
1.191,0.917,609.559,2609.559,12.303,12.303
1.216,0.837,609.985,2609.985,12.290,12.290
1.240,-1.825,610.348,2610.348,12.263,12.263
1.265,-29.797,607.498,2607.498,10.504,10.504
1.290,-35.998,597.307,2597.307,9.057,9.057
1.315,-36.732,584.049,2584.049,8.429,8.429
1.340,-35.989,569.973,2569.973,8.088,8.088
1.365,-34.486,556.000,2556.000,7.895,7.895
1.389,-33.020,542.573,2542.573,7.751,7.751
1.414,-31.612,529.425,2529.425,7.617,7.617
1.439,-30.341,517.281,2517.281,7.495,7.495
1.464,-29.072,505.155,2505.155,7.372,7.372
1.489,-27.938,493.807,2493.807,7.254,7.254
1.513,-26.859,482.780,2482.780,7.137,7.137
1.538,-25.838,472.115,2472.115,7.022,7.022
1.563,-24.905,462.006,2462.006,6.908,6.908
1.588,-23.966,451.987,2451.987,6.795,6.795
1.613,-23.069,442.760,2442.760,6.693,6.693
1.637,-22.182,433.590,2433.590,6.592,6.592
1.662,-21.301,425.058,2425.058,6.503,6.503
1.687,-20.423,417.050,2417.050,6.423,6.423
1.712,-19.545,409.042,2409.042,6.343,6.343
1.737,-18.667,401.034,2401.034,6.264,6.264
1.761,-17.791,393.234,2393.234,6.188,6.188
1.786,-16.923,386.468,2386.468,6.133,6.133
1.811,-16.055,379.701,2379.701,6.077,6.077
1.836,-15.205,373.260,2373.260,6.027,6.027
1.861,-14.392,367.421,2367.421,5.986,5.986
1.886,-13.578,361.581,2361.581,5.946,5.946
1.910,-12.856,356.426,2356.426,5.910,5.910
1.935,-12.183,351.629,2351.629,5.878,5.878
1.960,-11.509,346.833,2346.833,5.846,5.846
1.985,-10.836,342.037,2342.037,5.814,5.814
2.010,-10.221,337.632,2337.632,5.784,5.784
2.034,-9.700,333.863,2333.863,5.758,5.758
2.059,-9.180,330.094,2330.094,5.732,5.732
2.084,-8.660,326.325,2326.325,5.706,5.706
2.109,-8.158,322.679,2322.679,5.681,5.681
2.134,-7.755,319.700,2319.700,5.660,5.660
2.158,-7.351,316.721,2316.721,5.638,5.638
2.183,-6.948,313.742,2313.742,5.617,5.617
2.208,-6.544,310.763,2310.763,5.596,5.596
2.233,-6.224,308.355,2308.355,5.578,5.578
2.258,-5.910,305.990,2305.990,5.561,5.561
2.283,-5.596,303.624,2303.624,5.543,5.543
2.307,-5.282,301.259,2301.259,5.525,5.525
2.332,-5.017,299.230,2299.230,5.510,5.510
2.357,-4.772,297.343,2297.343,5.496,5.496
2.382,-4.527,295.456,2295.456,5.481,5.481
2.407,-4.282,293.569,2293.569,5.466,5.466
2.431,-4.062,291.860,2291.860,5.453,5.453
2.456,-3.871,290.346,2290.346,5.441,5.441
2.481,-3.679,288.832,2288.832,5.429,5.429
2.506,-3.487,287.319,2287.319,5.417,5.417
2.531,-3.306,285.879,2285.879,5.405,5.405
2.555,-3.155,284.658,2284.658,5.395,5.395
2.580,-3.004,283.437,2283.437,5.385,5.385
2.605,-2.853,282.216,2282.216,5.375,5.375
2.630,-2.703,281.001,2281.001,5.365,5.365
2.655,-2.584,280.011,2280.011,5.356,5.356
2.679,-2.465,279.020,2279.020,5.348,5.348
2.704,-2.346,278.030,2278.030,5.339,5.339
2.729,-2.227,277.040,2277.040,5.331,5.331
2.754,-2.128,276.195,2276.195,5.323,5.323
2.779,-2.034,275.387,2275.387,5.316,5.316
2.804,-1.940,274.579,2274.579,5.309,5.309
2.828,-1.845,273.770,2273.770,5.301,5.301
2.853,-1.762,273.045,2273.045,5.295,5.295
2.878,-1.687,272.382,2272.382,5.289,5.289
2.903,-1.612,271.719,2271.719,5.282,5.282
2.928,-1.537,271.055,2271.055,5.276,5.276
2.952,-1.467,270.432,2270.432,5.270,5.270
2.977,-1.407,269.884,2269.884,5.265,5.265
3.002,-1.346,269.336,2269.336,5.260,5.260
3.027,-1.286,268.788,2268.788,5.255,5.255
3.052,-1.228,268.251,2268.251,5.249,5.249
3.076,-1.179,267.796,2267.796,5.245,5.245
3.101,-1.131,267.341,2267.341,5.240,5.240
3.126,-1.083,266.885,2266.885,5.236,5.236
3.151,-1.034,266.430,2266.430,5.231,5.231
3.176,-0.995,266.047,2266.047,5.227,5.227
3.200,-0.957,265.672,2265.672,5.223,5.223
3.225,-0.918,265.298,2265.298,5.220,5.220
3.250,-0.880,264.923,2264.923,5.216,5.216
3.275,-0.842,264.549,2264.549,5.212,5.212
3.300,-0.811,264.232,2264.232,5.208,5.208
3.325,-0.781,263.927,2263.927,5.205,5.205
3.349,-0.751,263.622,2263.622,5.202,5.202
3.374,-0.721,263.317,2263.317,5.199,5.199
3.399,-0.691,263.012,2263.012,5.195,5.195
3.424,-0.666,262.748,2262.748,5.192,5.192
3.449,-0.643,262.498,2262.498,5.190,5.190
3.473,-0.619,262.247,2262.247,5.187,5.187
3.498,-0.596,261.997,2261.997,5.184,5.184
3.523,-0.572,261.746,2261.746,5.181,5.181
3.548,-0.552,261.525,2261.525,5.179,5.179
3.573,-0.534,261.317,2261.317,5.176,5.176
3.597,-0.515,261.109,2261.109,5.174,5.174
3.622,-0.497,260.901,2260.901,5.171,5.171
3.647,-0.478,260.693,2260.693,5.169,5.169
3.672,-0.462,260.504,2260.504,5.167,5.167
3.697,-0.446,260.324,2260.324,5.165,5.165
3.721,-0.431,260.144,2260.144,5.163,5.163
3.746,-0.118,259.978,2259.978,5.171,5.171
3.771,1.205,259.989,2259.989,5.249,5.249
3.796,4.479,260.612,2260.612,5.482,5.482
3.821,8.114,262.463,2262.463,5.840,5.840
3.846,10.756,265.598,2265.598,6.181,6.181
3.870,12.953,269.857,2269.857,6.486,6.486
3.895,15.243,275.080,2275.080,6.803,6.803
3.920,17.607,281.104,2281.104,7.140,7.140
3.945,19.980,288.389,2288.389,7.507,7.507
3.970,22.350,295.985,2295.985,7.880,7.880
3.994,24.706,305.252,2305.252,8.286,8.286
4.019,27.062,314.528,2314.528,8.692,8.692
4.044,29.508,325.665,2325.665,9.143,9.143
4.069,31.947,337.208,2337.208,9.603,9.603
4.094,34.366,350.140,2350.140,10.094,10.094
4.118,36.731,363.464,2363.464,10.591,10.591
4.143,38.999,378.195,2378.195,11.106,11.106
4.168,41.411,393.684,2393.684,11.644,11.644
4.193,43.814,410.903,2410.903,12.219,12.219
4.218,46.218,428.123,2428.123,12.794,12.794
4.242,48.566,446.103,2446.103,13.380,13.380
4.267,50.920,465.708,2465.708,13.996,13.996
4.292,53.319,485.789,2485.789,14.624,14.624
4.317,54.478,506.919,2506.919,15.226,15.226
4.342,52.744,528.467,2528.467,15.614,15.614
4.367,50.318,549.427,2549.427,15.844,15.844
4.391,47.874,569.411,2569.411,16.020,16.020
4.416,45.456,588.159,2588.159,16.167,16.167
4.441,43.058,606.056,2606.056,16.295,16.295
4.466,40.660,623.953,2623.953,16.422,16.422
4.491,38.244,640.418,2640.418,16.520,16.520
4.515,35.835,655.579,2655.579,16.593,16.593
4.540,33.449,669.609,2669.609,16.646,16.646
4.565,31.064,683.639,2683.639,16.698,16.698
4.590,28.735,696.189,2696.189,16.727,16.727
4.615,26.364,707.502,2707.502,16.733,16.733
4.639,23.973,718.437,2718.437,16.731,16.731
4.664,21.523,727.551,2727.551,16.687,16.687
4.689,19.071,736.583,2736.583,16.641,16.641
4.714,16.642,744.161,2744.161,16.566,16.566
4.739,14.220,751.265,2751.265,16.482,16.482
4.763,11.874,756.328,2756.328,16.364,16.364
4.788,9.529,761.381,2761.381,16.246,16.246
4.813,7.185,765.725,2765.725,16.115,16.115
4.838,4.782,768.768,2768.768,15.956,15.956
4.863,2.443,770.768,2770.768,15.776,15.776
4.888,0.956,771.912,2771.912,15.612,15.612
4.912,0.635,772.457,2772.457,15.543,15.543
4.937,0.511,772.780,2772.780,15.517,15.517
4.962,0.469,773.013,2773.013,15.510,15.510
4.987,-22.227,772.336,2772.336,14.614,14.614
5.012,-47.498,763.783,2763.783,12.082,12.082
5.036,-51.143,747.376,2747.376,10.621,10.621
5.061,-51.311,728.282,2728.282,9.929,9.929
5.086,-49.512,708.616,2708.616,9.559,9.559
5.111,-47.513,689.370,2689.370,9.315,9.315
5.136,-45.667,670.910,2670.910,9.109,9.109
5.160,-43.928,653.010,2653.010,8.916,8.916
5.185,-42.258,635.884,2635.884,8.732,8.732
5.210,-40.709,620.109,2620.109,8.565,8.565
5.235,-39.159,604.334,2604.334,8.398,8.398
5.260,-37.610,588.559,2588.559,8.231,8.231
5.284,-36.061,572.784,2572.784,8.064,8.064
5.309,-34.708,559.393,2559.393,7.924,7.924
5.334,-33.374,546.228,2546.228,7.788,7.788
5.359,-32.040,533.062,2533.062,7.651,7.651
5.384,-30.706,519.897,2519.897,7.514,7.514
5.409,-29.435,507.204,2507.204,7.381,7.381
5.433,-28.344,495.844,2495.844,7.259,7.259
5.458,-27.253,484.483,2484.483,7.136,7.136
5.483,-26.260,473.862,2473.862,7.018,7.018
5.508,-25.314,463.604,2463.604,6.902,6.902
5.533,-24.368,453.347,2453.347,6.785,6.785
5.557,-23.453,444.146,2444.146,6.685,6.685
5.582,-22.543,435.135,2435.135,6.589,6.589
5.607,-21.633,426.124,2426.124,6.492,6.492
5.632,-20.723,417.113,2417.113,6.395,6.395
5.657,-19.816,409.378,2409.378,6.324,6.324
5.681,-18.910,401.899,2401.899,6.258,6.258
5.706,-18.004,394.420,2394.420,6.191,6.191
5.731,-17.098,386.941,2386.941,6.125,6.125
5.756,-16.207,379.833,2379.833,6.065,6.065
5.781,-15.356,373.691,2373.691,6.021,6.021
5.806,-14.505,367.549,2367.549,5.978,5.978
5.830,-13.689,361.672,2361.672,5.936,5.936
5.855,-12.985,356.669,2356.669,5.903,5.903
5.880,-12.282,351.666,2351.666,5.870,5.870
5.905,-11.578,346.663,2346.663,5.836,5.836
5.930,-10.876,341.672,2341.672,5.803,5.803
5.954,-10.332,337.733,2337.733,5.776,5.776
5.979,-9.787,333.793,2333.793,5.749,5.749
6.004,-9.242,329.854,2329.854,5.722,5.722
6.029,-8.697,325.915,2325.915,5.695,5.695
6.054,-8.252,322.647,2322.647,5.672,5.672
6.078,-7.828,319.530,2319.530,5.649,5.649
6.103,-7.405,316.412,2316.412,5.627,5.627
6.128,-6.982,313.295,2313.295,5.605,5.605
6.153,-6.616,310.576,2310.576,5.585,5.585
6.178,-6.287,308.098,2308.098,5.567,5.567
6.202,-5.957,305.621,2305.621,5.549,5.549
6.227,-5.627,303.143,2303.143,5.530,5.530
6.252,-5.328,300.879,2300.879,5.514,5.514
6.277,-5.070,298.900,2298.900,5.498,5.498
6.302,-4.813,296.921,2296.921,5.483,5.483
6.327,-4.555,294.942,2294.942,5.468,5.468
6.351,-4.310,293.055,2293.055,5.454,5.454
6.376,-4.108,291.466,2291.466,5.441,5.441
6.401,-3.906,289.877,2289.877,5.428,5.428
6.426,-3.704,288.289,2288.289,5.416,5.416
6.451,-3.504,286.712,2286.712,5.403,5.403
6.475,-3.345,285.430,2285.430,5.393,5.393
6.500,-3.186,284.148,2284.148,5.382,5.382
6.525,-3.027,282.865,2282.865,5.371,5.371
6.550,-2.868,281.583,2281.583,5.361,5.361
6.575,-2.737,280.505,2280.505,5.352,5.352
6.599,-2.612,279.464,2279.464,5.343,5.343
6.624,-2.486,278.423,2278.423,5.334,5.334
6.649,-2.360,277.382,2277.382,5.325,5.325
6.674,-2.252,276.465,2276.465,5.317,5.317
6.699,-2.152,275.616,2275.616,5.309,5.309
6.723,-2.052,274.766,2274.766,5.302,5.302
6.748,-1.953,273.916,2273.916,5.294,5.294
6.773,-1.862,273.135,2273.135,5.287,5.287
6.798,-1.783,272.437,2272.437,5.281,5.281
6.823,-1.703,271.739,2271.739,5.274,5.274
6.848,-1.624,271.041,2271.041,5.268,5.268
6.872,-1.549,270.375,2270.375,5.262,5.262
6.897,-1.485,269.798,2269.798,5.256,5.256
6.922,-1.421,269.222,2269.222,5.251,5.251
6.947,-1.358,268.645,2268.645,5.245,5.245
6.972,-1.295,268.075,2268.075,5.240,5.240
6.996,-1.244,267.595,2267.595,5.235,5.235
7.021,-1.192,267.116,2267.116,5.230,5.230
7.046,-1.141,266.636,2266.636,5.225,5.225
7.071,-1.090,266.157,2266.157,5.221,5.221
7.096,-1.048,265.751,2265.751,5.216,5.216
7.120,-1.007,265.355,2265.355,5.212,5.212
7.145,-0.966,264.960,2264.960,5.208,5.208
7.170,-0.926,264.565,2264.565,5.204,5.204
7.195,-0.885,264.169,2264.169,5.200,5.200
7.220,-0.853,263.845,2263.845,5.197,5.197
7.244,-0.821,263.523,2263.523,5.193,5.193
7.269,-0.789,263.200,2263.200,5.190,5.190
7.294,-0.757,262.877,2262.877,5.186,5.186
7.319,-0.725,262.554,2262.554,5.183,5.183
7.344,-0.700,262.286,2262.286,5.180,5.180
7.369,-0.674,262.021,2262.021,5.177,5.177
7.393,-0.649,261.756,2261.756,5.174,5.174
7.418,-0.624,261.491,2261.491,5.171,5.171
7.443,-0.599,261.226,2261.226,5.168,5.168
7.468,-0.563,260.988,2260.988,5.166,5.166
7.493,0.241,260.821,2260.821,5.204,5.204
7.517,2.568,261.016,2261.016,5.350,5.350
7.542,6.355,262.146,2262.146,5.666,5.666
7.567,9.422,264.647,2264.647,6.023,6.023
7.592,11.638,268.302,2268.302,6.330,6.330
7.617,13.809,272.908,2272.908,6.627,6.627
7.641,16.120,278.303,2278.303,6.944,6.944
7.666,18.478,284.922,2284.922,7.293,7.293
7.691,20.820,292.369,2292.369,7.658,7.658
7.716,23.141,300.841,2300.841,8.042,8.042
7.741,25.463,309.334,2309.334,8.427,8.427
7.765,27.853,319.966,2319.966,8.860,8.860
7.790,30.242,330.597,2330.597,9.293,9.293
7.815,32.661,342.579,2342.579,9.760,9.760
7.840,35.031,355.292,2355.292,10.242,10.242
7.865,37.287,369.187,2369.187,10.737,10.737
7.890,39.694,384.009,2384.009,11.259,11.259
7.914,42.096,400.123,2400.123,11.809,11.809
7.939,44.497,416.775,2416.775,12.372,12.372
7.964,46.863,433.874,2433.874,12.940,12.940
7.989,49.215,452.639,2452.639,13.538,13.538
8.014,51.627,471.975,2471.975,14.151,14.151
8.038,53.893,492.241,2492.241,14.780,14.780
8.063,53.082,513.362,2513.362,15.256,15.256
8.088,50.889,534.274,2534.274,15.541,15.541
8.113,48.494,554.324,2554.324,15.736,15.736
8.138,46.112,573.127,2573.127,15.893,15.893
8.162,43.748,591.001,2591.001,16.027,16.027
8.187,41.384,608.876,2608.876,16.160,16.160
8.212,39.008,625.854,2625.854,16.275,16.275
8.237,36.617,641.567,2641.567,16.363,16.363
8.262,34.252,655.804,2655.804,16.423,16.423
8.286,31.894,669.772,2669.772,16.478,16.478
8.311,29.568,682.453,2682.453,16.512,16.512
8.336,27.234,694.176,2694.176,16.530,16.530
8.361,24.877,705.163,2705.163,16.533,16.533
8.386,22.457,715.024,2715.024,16.509,16.509
8.411,20.033,723.781,2723.781,16.461,16.461
8.435,17.605,731.693,2731.693,16.395,16.395
8.460,15.188,739.271,2739.271,16.323,16.323
8.485,12.828,745.120,2745.120,16.221,16.221
8.510,10.480,750.561,2750.561,16.111,16.111
8.535,8.166,754.745,2754.745,15.980,15.980
8.559,5.807,758.275,2758.275,15.835,15.835
8.584,3.420,760.716,2760.716,15.664,15.664
8.609,1.288,762.210,2762.210,15.482,15.482
8.634,0.693,762.923,2762.923,15.373,15.373
8.659,0.512,763.300,2763.300,15.333,15.333
8.683,0.451,763.545,2763.545,15.321,15.321
8.708,-6.222,763.713,2763.713,15.210,15.210
8.733,-38.484,759.515,2759.515,13.039,13.039
8.758,-49.723,746.047,2746.047,10.984,10.984
8.783,-50.624,728.019,2728.019,10.079,10.079
8.807,-49.575,708.721,2708.721,9.603,9.603
8.832,-47.597,689.492,2689.492,9.318,9.318
8.857,-45.712,670.939,2670.939,9.108,9.108
8.882,-43.975,653.339,2653.339,8.917,8.917
8.907,-42.320,636.288,2636.288,8.735,8.735
8.932,-40.665,619.236,2619.236,8.552,8.552
8.956,-39.145,603.837,2603.837,8.389,8.389
8.981,-37.692,589.273,2589.273,8.237,8.237
9.006,-36.240,574.709,2574.709,8.084,8.084
9.031,-34.788,560.146,2560.146,7.932,7.932
9.056,-33.336,545.582,2545.582,7.779,7.779
9.080,-31.986,532.151,2532.151,7.639,7.639
9.105,-30.740,519.854,2519.854,7.511,7.511
9.130,-29.493,507.558,2507.558,7.384,7.384
9.155,-28.318,495.679,2495.679,7.258,7.258
9.180,-27.296,484.703,2484.703,7.136,7.136
9.204,-26.274,473.727,2473.727,7.014,7.014
9.229,-25.327,463.587,2463.587,6.900,6.900
9.254,-24.399,453.663,2453.663,6.788,6.788
9.279,-23.471,443.740,2443.740,6.676,6.676
9.304,-22.557,435.037,2435.037,6.586,6.586
9.329,-21.646,426.491,2426.491,6.498,6.498
9.353,-20.735,417.945,2417.945,6.411,6.411
9.378,-19.823,409.398,2409.398,6.323,6.323
9.403,-18.914,401.104,2401.104,6.241,6.241
9.428,-18.017,394.133,2394.133,6.184,6.184
9.453,-17.120,387.161,2387.161,6.127,6.127
9.477,-16.223,380.189,2380.189,6.071,6.071
9.502,-15.333,373.320,2373.320,6.015,6.015
9.527,-14.525,367.582,2367.582,5.977,5.977
9.552,-13.717,361.844,2361.844,5.938,5.938
9.577,-12.910,356.106,2356.106,5.899,5.899
9.601,-12.259,351.457,2351.457,5.868,5.868
9.626,-11.610,346.818,2346.818,5.836,5.836
9.651,-10.961,342.179,2342.179,5.805,5.805
9.676,-10.311,337.540,2337.540,5.774,5.774
9.701,-9.751,333.498,2333.498,5.746,5.746
9.725,-9.253,329.872,2329.872,5.721,5.721
9.750,-8.754,326.245,2326.245,5.696,5.696
9.775,-8.256,322.619,2322.619,5.671,5.671
9.800,-7.789,319.205,2319.205,5.647,5.647
9.825,-7.404,316.349,2316.349,5.626,5.626
9.850,-7.019,313.494,2313.494,5.605,5.605
9.874,-6.634,310.639,2310.639,5.585,5.585
9.899,-6.249,307.784,2307.784,5.564,5.564
9.924,-5.948,305.502,2305.502,5.547,5.547
9.949,-5.650,303.243,2303.243,5.530,5.530
9.974,-5.352,300.984,2300.984,5.513,5.513
9.998,-5.054,298.725,2298.725,5.496,5.496
10.023,-4.798,296.765,2296.765,5.481,5.481
10.048,-4.567,294.968,2294.968,5.467,5.467
10.073,-4.335,293.172,2293.172,5.454,5.454
10.098,-4.104,291.375,2291.375,5.440,5.440
10.122,-3.889,289.698,2289.698,5.426,5.426
10.147,-3.709,288.261,2288.261,5.415,5.415
10.172,-3.528,286.824,2286.824,5.403,5.403
10.197,-3.347,285.388,2285.388,5.391,5.391
10.222,-3.168,283.955,2283.955,5.380,5.380
10.246,-3.026,282.800,2282.800,5.370,5.370
10.271,-2.885,281.644,2281.644,5.360,5.360
10.296,-2.743,280.488,2280.488,5.351,5.351
10.321,-2.602,279.332,2279.332,5.341,5.341
10.346,-2.482,278.331,2278.331,5.332,5.332
10.371,-2.371,277.395,2277.395,5.324,5.324
10.395,-2.259,276.460,2276.460,5.316,5.316
10.420,-2.148,275.524,2275.524,5.308,5.308
10.445,-2.046,274.656,2274.656,5.300,5.300
10.470,-1.958,273.894,2273.894,5.293,5.293
10.495,-1.870,273.132,2273.132,5.286,5.286
10.519,-1.782,272.370,2272.370,5.279,5.279
10.544,-1.696,271.618,2271.618,5.273,5.273
10.569,-1.626,270.994,2270.994,5.267,5.267
10.594,-1.556,270.369,2270.369,5.261,5.261
10.619,-1.486,269.745,2269.745,5.255,5.255
10.643,-1.416,269.120,2269.120,5.249,5.249
10.668,-1.357,268.579,2268.579,5.244,5.244
10.693,-1.302,268.064,2268.064,5.239,5.239
10.718,-1.246,267.548,2267.548,5.234,5.234
10.743,-1.190,267.033,2267.033,5.229,5.229
10.767,-1.139,266.557,2266.557,5.224,5.224
10.792,-1.095,266.129,2266.129,5.220,5.220
10.817,-1.050,265.702,2265.702,5.215,5.215
10.842,-1.005,265.274,2265.274,5.211,5.211
10.867,-0.962,264.856,2264.856,5.207,5.207
10.892,-0.926,264.501,2264.501,5.203,5.203
10.916,-0.890,264.146,2264.146,5.199,5.199
10.941,-0.854,263.791,2263.791,5.196,5.196
10.966,-0.818,263.436,2263.436,5.192,5.192
10.991,-0.786,263.112,2263.112,5.188,5.188
11.016,-0.758,262.820,2262.820,5.185,5.185
11.040,-0.730,262.528,2262.528,5.182,5.182
11.065,-0.702,262.236,2262.236,5.179,5.179
11.090,-0.673,261.945,2261.945,5.176,5.176
11.115,-0.647,261.667,2261.667,5.173,5.173
11.140,-0.624,261.421,2261.421,5.170,5.170
11.164,-0.601,261.175,2261.175,5.167,5.167
11.189,-0.578,260.929,2260.929,5.164,5.164
11.214,-0.198,260.708,2260.708,5.176,5.176
11.239,1.189,260.683,2260.683,5.257,5.257
11.264,4.579,261.306,2261.306,5.501,5.501
11.288,8.126,263.184,2263.184,5.858,5.858
11.313,10.632,266.325,2266.325,6.188,6.188
11.338,12.753,270.495,2270.495,6.481,6.481
11.363,15.010,275.607,2275.607,6.790,6.790
11.388,17.341,281.644,2281.644,7.123,7.123
11.413,19.691,288.371,2288.371,7.473,7.473
11.437,22.007,296.644,2296.644,7.853,7.853
11.462,24.323,304.917,2304.917,8.232,8.232
11.487,26.682,314.861,2314.861,8.649,8.649
11.512,29.052,325.284,2325.284,9.076,9.076
11.537,31.453,336.513,2336.513,9.523,9.523
11.561,33.886,348.734,2348.734,9.996,9.996
11.586,36.129,362.136,2362.136,10.483,10.483
11.611,38.498,376.579,2376.579,10.994,10.994
11.636,40.901,392.082,2392.082,11.531,11.531
11.661,43.302,408.511,2408.511,12.088,12.088
11.685,45.702,424.940,2424.940,12.646,12.646
11.710,48.015,443.015,2443.015,13.228,13.228
11.735,50.430,462.239,2462.239,13.838,13.838
11.760,52.823,481.895,2481.895,14.457,14.457
11.785,53.730,502.672,2502.672,15.042,15.042
11.809,51.851,523.686,2523.686,15.389,15.389
11.834,49.494,544.073,2544.073,15.613,15.613
11.859,47.101,563.750,2563.750,15.794,15.794
11.884,44.744,581.436,2581.436,15.924,15.924
11.909,42.387,599.123,2599.123,16.055,16.055
11.934,40.031,616.809,2616.809,16.185,16.185
11.958,37.646,633.012,2633.012,16.284,16.284
11.983,35.268,647.858,2647.858,16.357,16.357
12.008,32.912,661.910,2661.910,16.414,16.414
12.033,30.578,675.157,2675.157,16.458,16.458
12.058,28.260,687.474,2687.474,16.487,16.487
12.082,25.917,698.683,2698.683,16.496,16.496
12.107,23.521,708.870,2708.870,16.480,16.480
12.132,21.102,718.593,2718.593,16.454,16.454
12.157,18.679,726.438,2726.438,16.387,16.387
12.182,16.256,734.214,2734.214,16.319,16.319
12.206,13.876,740.717,2740.717,16.229,16.229
12.231,11.524,746.422,2746.422,16.124,16.124
12.256,9.197,751.130,2751.130,16.002,16.002
12.281,6.879,755.107,2755.107,15.867,15.867
12.306,4.485,757.897,2757.897,15.705,15.705
12.330,2.169,759.821,2759.821,15.526,15.526
12.355,0.857,760.849,2760.849,15.372,15.372
12.380,0.565,761.336,2761.336,15.309,15.309
12.405,0.468,761.622,2761.622,15.288,15.288
12.430,0.428,761.834,2761.834,15.281,15.281
12.455,-25.285,760.728,2760.728,14.162,14.162
12.479,-47.612,751.240,2751.240,11.687,11.687
12.504,-50.248,734.630,2734.630,10.392,10.392
12.529,-50.086,715.744,2715.744,9.770,9.770
12.554,-48.350,696.443,2696.443,9.409,9.409
12.579,-46.378,677.584,2677.584,9.180,9.180
12.603,-44.604,659.604,2659.604,8.985,8.985
12.628,-42.882,642.111,2642.111,8.797,8.797
12.653,-41.300,625.922,2625.922,8.624,8.624
12.678,-39.718,609.733,2609.733,8.452,8.452
12.703,-38.136,593.543,2593.543,8.280,8.280
12.727,-36.679,578.886,2578.886,8.126,8.126
12.752,-35.310,565.336,2565.336,7.985,7.985
12.777,-33.942,551.786,2551.786,7.844,7.844
12.802,-32.574,538.236,2538.236,7.703,7.703
12.827,-31.205,524.687,2524.687,7.562,7.562
12.852,-29.893,511.599,2511.599,7.426,7.426
12.876,-28.758,499.999,2499.999,7.303,7.303
12.901,-27.624,488.399,2488.399,7.180,7.180
12.926,-26.651,477.818,2477.818,7.060,7.060
12.951,-25.679,467.247,2467.247,6.940,6.940
12.976,-24.728,457.068,2457.068,6.826,6.826
13.000,-23.812,447.540,2447.540,6.720,6.720
13.025,-22.895,438.012,2438.012,6.614,6.614
13.050,-21.981,429.063,2429.063,6.519,6.519
13.075,-21.069,420.960,2420.960,6.441,6.441
13.100,-20.157,412.858,2412.858,6.362,6.362
13.124,-19.246,404.755,2404.755,6.284,6.284
13.149,-18.334,396.652,2396.652,6.205,6.205
13.174,-17.436,389.209,2389.209,6.139,6.139
13.199,-16.554,382.630,2382.630,6.089,6.089
13.224,-15.673,376.052,2376.052,6.039,6.039
13.248,-14.791,369.473,2369.473,5.989,5.989
13.273,-14.015,363.919,2363.919,5.951,5.951
13.298,-13.256,358.540,2358.540,5.915,5.915
13.323,-12.497,353.160,2353.160,5.879,5.879
13.348,-11.772,348.006,2348.006,5.845,5.845
13.373,-11.172,343.697,2343.697,5.815,5.815
13.397,-10.572,339.387,2339.387,5.786,5.786
13.422,-9.972,335.077,2335.077,5.757,5.757
13.447,-9.380,330.822,2330.822,5.728,5.728
13.472,-8.913,327.409,2327.409,5.704,5.704
13.497,-8.446,323.995,2323.995,5.680,5.680
13.521,-7.979,320.582,2320.582,5.656,5.656
13.546,-7.513,317.169,2317.169,5.632,5.632
13.571,-7.139,314.392,2314.392,5.612,5.612
13.596,-6.775,311.677,2311.677,5.592,5.592
13.621,-6.410,308.962,2308.962,5.573,5.573
13.645,-6.046,306.247,2306.247,5.553,5.553
13.670,-5.742,303.948,2303.948,5.536,5.536
13.695,-5.457,301.779,2301.779,5.519,5.519
13.720,-5.172,299.610,2299.610,5.503,5.503
13.745,-4.887,297.440,2297.440,5.487,5.487
13.769,-4.639,295.533,2295.533,5.472,5.472
13.794,-4.416,293.791,2293.791,5.458,5.458
13.819,-4.192,292.049,2292.049,5.445,5.445
13.844,-3.968,290.307,2290.307,5.431,5.431
13.869,-3.766,288.720,2288.720,5.418,5.418
13.894,-3.590,287.314,2287.314,5.407,5.407
13.918,-3.414,285.908,2285.908,5.396,5.396
13.943,-3.238,284.502,2284.502,5.384,5.384
13.968,-3.073,283.179,2283.179,5.373,5.373
13.993,-2.934,282.038,2282.038,5.364,5.364
14.018,-2.794,280.897,2280.897,5.354,5.354
14.042,-2.655,279.756,2279.756,5.344,5.344
14.067,-2.520,278.649,2278.649,5.335,5.335
14.092,-2.410,277.718,2277.718,5.327,5.327
14.117,-2.299,276.787,2276.787,5.319,5.319
14.142,-2.188,275.855,2275.855,5.311,5.311
14.166,-2.078,274.926,2274.926,5.303,5.303
14.191,-1.990,274.162,2274.162,5.296,5.296
14.216,-1.902,273.397,2273.397,5.289,5.289
14.241,-1.813,272.633,2272.633,5.282,5.282
14.266,-1.725,271.869,2271.869,5.275,5.275
14.290,-1.652,271.219,2271.219,5.269,5.269
14.315,-1.581,270.588,2270.588,5.263,5.263
14.340,-1.511,269.957,2269.957,5.257,5.257
14.365,-1.440,269.326,2269.326,5.251,5.251
14.390,-1.379,268.771,2268.771,5.246,5.246
14.415,-1.322,268.246,2268.246,5.240,5.240
14.439,-1.265,267.722,2267.722,5.235,5.235
14.464,-1.208,267.198,2267.198,5.230,5.230
14.489,-1.158,266.724,2266.724,5.225,5.225
14.514,-1.112,266.290,2266.290,5.221,5.221
14.539,-1.067,265.855,2265.855,5.217,5.217
14.563,-1.021,265.420,2265.420,5.212,5.212
14.588,-0.976,264.988,2264.988,5.208,5.208
14.613,-0.940,264.632,2264.632,5.204,5.204
14.638,-0.904,264.275,2264.275,5.201,5.201
14.663,-0.868,263.919,2263.919,5.197,5.197
14.687,-0.832,263.562,2263.562,5.193,5.193
14.712,-0.796,263.209,2263.209,5.189,5.189
14.737,-0.768,262.917,2262.917,5.186,5.186
14.762,-0.740,262.625,2262.625,5.183,5.183
14.787,-0.712,262.333,2262.333,5.180,5.180
14.811,-0.683,262.041,2262.041,5.177,5.177
14.836,-0.655,261.752,2261.752,5.173,5.173
14.861,-0.632,261.506,2261.506,5.171,5.171
14.886,-0.610,261.259,2261.259,5.168,5.168
14.911,-0.587,261.013,2261.013,5.165,5.165
14.936,-0.511,260.771,2260.771,5.163,5.163
14.960,0.348,260.624,2260.624,5.207,5.207
14.985,2.867,260.873,2260.873,5.367,5.367
15.010,6.658,262.115,2262.115,5.693,5.693
15.035,9.616,264.703,2264.703,6.046,6.046
15.060,11.778,268.465,2268.465,6.348,6.348
15.084,13.947,273.079,2273.079,6.643,6.643
15.109,16.274,278.697,2278.697,6.966,6.966
15.134,18.610,285.396,2285.396,7.314,7.314
15.159,20.947,292.564,2292.564,7.673,7.673
15.184,23.271,301.147,2301.147,8.060,8.060
15.208,25.590,310.332,2310.332,8.457,8.457
15.233,27.939,320.096,2320.096,8.869,8.869
15.258,30.360,331.226,2331.226,9.315,9.315
15.283,32.772,343.084,2343.084,9.777,9.777
15.308,35.106,355.880,2355.880,10.259,10.259
15.332,37.394,369.712,2369.712,10.751,10.751
15.357,39.798,385.255,2385.255,11.290,11.290
15.382,42.202,400.798,2400.798,11.829,11.829
15.407,44.586,417.039,2417.039,12.381,12.381
15.432,46.940,434.551,2434.551,12.957,12.957
15.457,49.318,453.192,2453.192,13.552,13.552
15.481,51.718,472.908,2472.908,14.172,14.172
15.506,53.808,492.979,2492.979,14.792,14.792
15.531,52.795,514.024,2514.024,15.245,15.245
15.556,50.551,534.753,2534.753,15.512,15.512
15.581,48.169,554.615,2554.615,15.705,15.705
15.605,45.789,573.873,2573.873,15.872,15.872
15.630,43.430,591.345,2591.345,15.999,15.999
15.655,41.076,608.378,2608.378,16.116,16.116
15.680,38.722,625.411,2625.411,16.233,16.233
15.705,36.340,641.084,2641.084,16.321,16.321
15.729,33.966,655.352,2655.352,16.382,16.382
15.754,31.616,668.842,2668.842,16.430,16.430
15.779,29.289,681.696,2681.696,16.468,16.468
15.804,26.991,693.512,2693.512,16.489,16.489
15.829,24.602,704.110,2704.110,16.483,16.483
15.853,22.191,713.841,2713.841,16.458,16.458
15.878,19.762,722.855,2722.855,16.415,16.415
15.903,17.348,730.505,2730.505,16.345,16.345
15.928,14.941,737.629,2737.629,16.265,16.265
15.953,12.579,743.508,2743.508,16.164,16.164
15.978,10.249,748.551,2748.551,16.048,16.048
16.002,7.922,753.135,2753.135,15.924,15.924
16.027,5.566,756.400,2756.400,15.774,15.774
16.052,3.189,758.739,2758.739,15.602,15.602
16.077,1.172,760.157,2760.157,15.422,15.422
16.102,0.660,760.819,2760.819,15.323,15.323
16.126,0.498,761.173,2761.173,15.288,15.288
16.151,0.443,761.409,2761.409,15.276,15.276
16.176,-9.699,761.505,2761.505,15.048,15.048
16.201,-40.821,756.416,2756.416,12.741,12.741
16.226,-49.779,742.330,2742.330,10.818,10.818
16.250,-50.372,724.084,2724.084,10.000,10.000
16.275,-49.219,704.833,2704.833,9.540,9.540
16.300,-47.231,685.757,2685.757,9.275,9.275
16.325,-45.335,667.206,2667.206,9.066,9.066
16.350,-43.647,649.855,2649.855,8.880,8.880
16.375,-41.960,632.503,2632.503,8.694,8.694
16.399,-40.383,616.455,2616.455,8.523,8.523
16.424,-38.890,601.385,2601.385,8.365,8.365
16.449,-37.396,586.316,2586.316,8.206,8.206
16.474,-35.903,571.247,2571.247,8.047,8.047
16.499,-34.410,556.177,2556.177,7.889,7.889
16.523,-33.064,542.840,2542.840,7.750,7.750
16.548,-31.777,530.172,2530.172,7.619,7.619
16.573,-30.489,517.504,2517.504,7.488,7.488
16.598,-29.201,504.836,2504.836,7.356,7.356
16.623,-28.138,493.597,2493.597,7.234,7.234
16.647,-27.088,482.446,2482.446,7.111,7.111
16.672,-26.083,471.705,2471.705,6.992,6.992
16.697,-25.147,461.610,2461.610,6.877,6.877
16.722,-24.211,451.515,2451.515,6.763,6.763
16.747,-23.290,442.161,2442.161,6.661,6.661
16.771,-22.379,433.275,2433.275,6.567,6.567
16.796,-21.468,424.390,2424.390,6.472,6.472
16.821,-20.556,415.504,2415.504,6.378,6.378
16.846,-19.648,407.704,2407.704,6.306,6.306
16.871,-18.741,400.315,2400.315,6.241,6.241
16.896,-17.834,392.926,2392.926,6.177,6.177
16.920,-16.927,385.537,2385.537,6.112,6.112
16.945,-16.036,378.483,2378.483,6.054,6.054
16.970,-15.191,372.407,2372.407,6.011,6.011
16.995,-14.345,366.332,2366.332,5.968,5.968
17.020,-13.538,360.544,2360.544,5.928,5.928
17.044,-12.844,355.605,2355.605,5.895,5.895
17.069,-12.150,350.667,2350.667,5.862,5.862
17.094,-11.456,345.728,2345.728,5.829,5.829
17.119,-10.762,340.789,2340.789,5.796,5.796
17.144,-10.214,336.823,2336.823,5.769,5.769
17.168,-9.677,332.937,2332.937,5.742,5.742
17.193,-9.140,329.050,2329.050,5.715,5.715
17.218,-8.603,325.163,2325.163,5.689,5.689
17.243,-8.162,321.928,2321.928,5.666,5.666
17.268,-7.743,318.836,2318.836,5.644,5.644
17.292,-7.323,315.745,2315.745,5.622,5.622
17.317,-6.903,312.653,2312.653,5.600,5.600
17.342,-6.549,310.006,2310.006,5.580,5.580
17.367,-6.220,307.536,2307.536,5.562,5.562
17.392,-5.892,305.066,2305.066,5.544,5.544
17.417,-5.563,302.596,2302.596,5.526,5.526
17.441,-5.277,300.424,2300.424,5.509,5.509
17.466,-5.019,298.442,2298.442,5.494,5.494
17.491,-4.761,296.460,2296.460,5.479,5.479
17.516,-4.503,294.478,2294.478,5.464,5.464
17.541,-4.272,292.690,2292.690,5.450,5.450
17.565,-4.069,291.091,2291.091,5.437,5.437
17.590,-3.866,289.492,2289.492,5.424,5.424
17.615,-3.662,287.893,2287.893,5.412,5.412
17.640,-3.476,286.416,2286.416,5.400,5.400
17.665,-3.315,285.120,2285.120,5.389,5.389
17.689,-3.154,283.824,2283.824,5.379,5.379
17.714,-2.993,282.528,2282.528,5.368,5.368
17.739,-2.842,281.303,2281.303,5.358,5.358
17.764,-2.715,280.246,2280.246,5.349,5.349
17.789,-2.587,279.190,2279.190,5.340,5.340
17.813,-2.459,278.133,2278.133,5.331,5.331
17.838,-2.336,277.113,2277.113,5.322,5.322
17.863,-2.235,276.247,2276.247,5.314,5.314
17.888,-2.133,275.381,2275.381,5.306,5.306
17.913,-2.031,274.515,2274.515,5.299,5.299
17.938,-1.931,273.662,2273.662,5.291,5.291
17.962,-1.849,272.949,2272.949,5.285,5.285
17.987,-1.768,272.235,2272.235,5.278,5.278
18.012,-1.686,271.521,2271.521,5.271,5.271
18.037,-1.605,270.807,2270.807,5.265,5.265
18.062,-1.539,270.213,2270.213,5.259,5.259
18.086,-1.474,269.621,2269.621,5.254,5.254
18.111,-1.408,269.029,2269.029,5.248,5.248
18.136,-1.342,268.438,2268.438,5.242,5.242
18.161,-1.288,267.932,2267.932,5.237,5.237
18.186,-1.235,267.438,2267.438,5.233,5.233
18.210,-1.182,266.945,2266.945,5.228,5.228
18.235,-1.129,266.451,2266.451,5.223,5.223
18.260,-1.084,266.024,2266.024,5.218,5.218
18.285,-1.042,265.617,2265.617,5.214,5.214
18.310,-1.000,265.210,2265.210,5.210,5.210
18.334,-0.958,264.803,2264.803,5.206,5.206
18.359,-0.916,264.396,2264.396,5.202,5.202
18.384,-0.881,264.052,2264.052,5.198,5.198
18.409,-0.848,263.720,2263.720,5.195,5.195
18.434,-0.815,263.387,2263.387,5.191,5.191
18.459,-0.782,263.055,2263.055,5.188,5.188
18.483,-0.749,262.722,2262.722,5.184,5.184
18.508,-0.722,262.444,2262.444,5.181,5.181
18.533,-0.696,262.170,2262.170,5.178,5.178
18.558,-0.670,261.897,2261.897,5.175,5.175
18.583,-0.644,261.623,2261.623,5.172,5.172
18.607,-0.618,261.349,2261.349,5.169,5.169
18.632,-0.596,261.110,2261.110,5.166,5.166
18.657,-0.573,260.872,2260.872,5.164,5.164
18.682,-0.115,260.663,2260.663,5.180,5.180
18.707,1.440,260.674,2260.674,5.272,5.272
18.731,4.952,261.384,2261.384,5.532,5.532
18.756,8.394,263.409,2263.409,5.891,5.891
18.781,10.827,266.654,2266.654,6.215,6.215
18.806,12.949,270.895,2270.895,6.508,6.508
18.831,15.216,276.062,2276.062,6.817,6.817
18.855,17.553,282.215,2282.215,7.154,7.154
18.880,19.898,289.125,2289.125,7.507,7.507
18.905,22.213,297.373,2297.373,7.886,7.886
18.930,24.528,305.620,2305.620,8.265,8.265
18.955,26.890,315.787,2315.787,8.686,8.686
18.980,29.257,326.177,2326.177,9.112,9.112
19.004,31.665,337.591,2337.591,9.564,9.564
19.029,34.080,349.900,2349.900,10.039,10.039
19.054,36.302,363.339,2363.339,10.525,10.525
19.079,38.708,377.734,2377.734,11.035,11.035
19.104,41.112,393.840,2393.840,11.586,11.586
19.128,43.516,409.946,2409.946,12.136,12.136
19.153,45.892,426.469,2426.469,12.694,12.694
19.178,48.230,444.734,2444.734,13.282,13.282
19.203,50.641,463.652,2463.652,13.885,13.885
19.228,53.025,483.681,2483.681,14.511,14.511
19.252,53.551,504.472,2504.472,15.070,15.070
19.277,51.600,525.451,2525.451,15.405,15.405
19.302,49.240,545.763,2545.763,15.623,15.623
19.327,46.862,564.976,2564.976,15.793,15.793
19.352,44.500,583.464,2583.464,15.941,15.941
19.376,42.136,601.580,2601.580,16.081,16.081
19.401,39.771,617.897,2617.897,16.183,16.183
19.426,37.405,634.213,2634.213,16.285,16.285
19.451,35.036,648.998,2648.998,16.356,16.356
19.476,32.680,662.952,2662.952,16.411,16.411
19.501,30.343,675.973,2675.973,16.452,16.452
19.525,28.019,688.092,2688.092,16.477,16.477
19.550,25.694,699.456,2699.456,16.490,16.490
19.575,23.284,709.581,2709.581,16.472,16.472
19.600,20.862,718.641,2718.641,16.431,16.431
19.625,18.433,726.990,2726.990,16.375,16.375
19.649,16.024,734.575,2734.575,16.304,16.304
19.674,13.646,740.896,2740.896,16.210,16.210
19.699,11.290,746.556,2746.556,16.104,16.104
19.724,8.975,751.017,2751.017,15.979,15.979
19.749,6.641,754.991,2754.991,15.844,15.844
19.773,4.245,757.771,2757.771,15.681,15.681
19.798,1.952,759.574,2759.574,15.500,15.500
19.823,0.812,760.513,2760.513,15.355,15.355
19.848,0.551,760.970,2760.970,15.298,15.298
19.873,0.462,761.247,2761.247,15.278,15.278
19.898,0.425,761.452,2761.452,15.273,15.273
19.922,-28.335,759.852,2759.852,13.918,13.918
19.947,-48.382,749.496,2749.496,11.482,11.482
19.972,-50.277,732.474,2732.474,10.307,10.307
19.997,-49.924,713.494,2713.494,9.721,9.721
20.022,-48.122,694.234,2694.234,9.380,9.380
20.046,-46.169,675.470,2675.470,9.156,9.156
20.071,-44.405,657.566,2657.566,8.963,8.963
20.096,-42.687,640.094,2640.094,8.775,8.775
20.121,-41.117,624.060,2624.060,8.605,8.605
20.146,-39.548,608.025,2608.025,8.434,8.434
20.170,-37.978,591.991,2591.991,8.264,8.264
20.195,-36.484,576.889,2576.889,8.105,8.105
20.220,-35.128,563.487,2563.487,7.966,7.966
20.245,-33.773,550.085,2550.085,7.827,7.827
20.270,-32.417,536.683,2536.683,7.687,7.687
20.294,-31.061,523.281,2523.281,7.548,7.548
20.319,-29.743,510.173,2510.173,7.411,7.411
20.344,-28.630,498.677,2498.677,7.288,7.288
20.369,-27.517,487.180,2487.180,7.165,7.165
20.394,-26.532,476.545,2476.545,7.046,7.046
20.419,-25.568,466.059,2466.059,6.927,6.927
20.443,-24.620,455.923,2455.923,6.813,6.813
20.468,-23.706,446.558,2446.558,6.710,6.710
20.493,-22.792,437.193,2437.193,6.607,6.607
20.518,-21.877,427.827,2427.827,6.504,6.504
20.543,-20.965,419.671,2419.671,6.424,6.424
20.567,-20.054,411.822,2411.822,6.351,6.351
20.592,-19.143,403.973,2403.973,6.277,6.277
20.617,-18.232,396.123,2396.123,6.204,6.204
20.642,-17.321,388.274,2388.274,6.131,6.131
20.667,-16.443,381.655,2381.655,6.079,6.079
20.691,-15.571,375.240,2375.240,6.032,6.032
20.716,-14.698,368.826,2368.826,5.985,5.985
20.741,-13.920,363.241,2363.241,5.946,5.946
20.766,-13.176,357.967,2357.967,5.911,5.911
20.791,-12.433,352.693,2352.693,5.876,5.876
20.815,-11.689,347.419,2347.419,5.841,5.841
20.840,-11.092,343.130,2343.130,5.812,5.812
20.865,-10.518,338.990,2338.990,5.783,5.783
20.890,-9.943,334.850,2334.850,5.755,5.755
20.915,-9.368,330.710,2330.710,5.727,5.727
20.940,-8.821,326.754,2326.754,5.700,5.700
20.964,-8.387,323.567,2323.567,5.677,5.677
20.989,-7.954,320.380,2320.380,5.654,5.654
21.014,-7.520,317.193,2317.193,5.632,5.632
21.039,-7.087,314.005,2314.005,5.609,5.609
21.064,-6.708,311.192,2311.192,5.589,5.589
21.088,-6.379,308.725,2308.725,5.571,5.571
21.113,-6.051,306.258,2306.258,5.553,5.553
21.138,-5.723,303.791,2303.791,5.534,5.534
21.163,-5.395,301.324,2301.324,5.516,5.516
21.188,-5.133,299.317,2299.317,5.501,5.501
21.212,-4.884,297.396,2297.396,5.486,5.486
21.237,-4.634,295.475,2295.475,5.471,5.471
21.262,-4.385,293.554,2293.554,5.456,5.456
21.287,-4.145,291.703,2291.703,5.442,5.442
21.312,-3.955,290.197,2290.197,5.430,5.430
21.336,-3.765,288.691,2288.691,5.418,5.418
21.361,-3.575,287.186,2287.186,5.406,5.406
21.386,-3.384,285.680,2285.680,5.394,5.394
21.411,-3.216,284.331,2284.331,5.383,5.383
21.436,-3.070,283.143,2283.143,5.373,5.373
21.461,-2.924,281.954,2281.954,5.363,5.363
21.485,-2.778,280.766,2280.766,5.353,5.353
21.510,-2.633,279.578,2279.578,5.343,5.343
21.535,-2.514,278.589,2278.589,5.334,5.334
21.560,-2.402,277.645,2277.645,5.326,5.326
21.585,-2.289,276.701,2276.701,5.318,5.318
21.609,-2.177,275.757,2275.757,5.310,5.310
21.634,-2.068,274.839,2274.839,5.302,5.302
21.659,-1.981,274.083,2274.083,5.295,5.295
21.684,-1.894,273.327,2273.327,5.288,5.288
21.709,-1.807,272.571,2272.571,5.281,5.281
21.733,-1.720,271.815,2271.815,5.274,5.274
21.758,-1.642,271.128,2271.128,5.268,5.268
21.783,-1.574,270.518,2270.518,5.262,5.262
21.808,-1.506,269.908,2269.908,5.256,5.256
21.833,-1.438,269.299,2269.299,5.251,5.251
21.857,-1.370,268.689,2268.689,5.245,5.245
21.882,-1.314,268.170,2268.170,5.240,5.240
21.907,-1.260,267.674,2267.674,5.235,5.235
21.932,-1.207,267.179,2267.179,5.230,5.230
21.957,-1.154,266.683,2266.683,5.225,5.225
21.982,-1.102,266.199,2266.199,5.220,5.220
22.006,-1.060,265.793,2265.793,5.216,5.216
22.031,-1.018,265.387,2265.387,5.212,5.212
22.056,-0.976,264.982,2264.982,5.208,5.208
22.081,-0.934,264.576,2264.576,5.204,5.204
22.106,-0.896,264.202,2264.202,5.200,5.200
22.130,-0.863,263.869,2263.869,5.196,5.196
22.155,-0.830,263.537,2263.537,5.193,5.193
22.180,-0.797,263.204,2263.204,5.189,5.189
22.205,-0.764,262.871,2262.871,5.186,5.186
22.230,-0.734,262.567,2262.567,5.182,5.182
22.254,-0.708,262.293,2262.293,5.179,5.179
22.279,-0.682,262.020,2262.020,5.176,5.176
22.304,-0.655,261.746,2261.746,5.173,5.173
22.329,-0.629,261.472,2261.472,5.170,5.170
22.354,-0.605,261.217,2261.217,5.168,5.168
22.378,-0.583,260.979,2260.979,5.165,5.165
22.403,-0.454,260.744,2260.744,5.164,5.164
22.428,0.488,260.619,2260.619,5.215,5.215
22.453,3.218,260.937,2260.937,5.393,5.393
22.478,6.985,262.317,2262.317,5.729,5.729
22.503,9.815,265.055,2265.055,6.075,6.075
22.527,11.985,268.874,2268.874,6.376,6.376
22.552,14.184,273.690,2273.690,6.677,6.677
22.577,16.490,279.276,2279.276,6.997,6.997
22.602,18.843,285.796,2285.796,7.344,7.344
22.627,21.168,293.592,2293.592,7.714,7.714
22.651,23.482,301.838,2301.838,8.093,8.093
22.676,25.820,311.111,2311.111,8.494,8.494
22.701,28.181,321.414,2321.414,8.918,8.918
22.726,30.564,332.163,2332.163,9.353,9.353
22.751,33.006,344.197,2344.197,9.822,9.822
22.775,35.325,357.146,2357.146,10.305,10.305
22.800,37.620,371.243,2371.243,10.805,10.805
22.825,40.024,386.282,2386.282,11.331,11.331
22.850,42.425,402.611,2402.611,11.886,11.886
22.875,44.826,418.940,2418.940,12.441,12.441
22.899,47.160,436.284,2436.284,13.011,13.011
22.924,49.549,455.213,2455.213,13.614,13.614
22.949,51.961,474.447,2474.447,14.225,14.225
22.974,53.828,494.967,2494.967,14.844,14.844
22.999,52.620,516.040,2516.040,15.283,15.283
23.024,50.323,536.728,2536.728,15.537,15.537
23.048,47.927,556.646,2556.646,15.725,15.725
23.073,45.565,574.928,2574.928,15.870,15.870
23.098,43.208,592.908,2592.908,16.007,16.007
23.123,40.851,610.888,2610.888,16.144,16.144
23.148,38.474,627.003,2627.003,16.242,16.242
23.172,36.099,642.455,2642.455,16.326,16.326
23.197,33.739,656.761,2656.761,16.388,16.388
23.222,31.398,670.179,2670.179,16.435,16.435
23.247,29.071,682.956,2682.956,16.471,16.471
23.272,26.743,694.353,2694.353,16.485,16.485
23.296,24.372,705.012,2705.012,16.480,16.480
23.321,21.958,714.968,2714.968,16.459,16.459
23.346,19.532,723.200,2723.200,16.400,16.400
23.371,17.105,731.331,2731.331,16.339,16.339
23.396,14.718,738.069,2738.069,16.253,16.253
23.421,12.351,744.135,2744.135,16.154,16.154
23.445,10.017,749.106,2749.106,16.037,16.037
23.470,7.706,753.392,2753.392,15.909,15.909
23.495,5.334,756.630,2756.630,15.758,15.758
23.520,2.974,758.809,2758.809,15.582,15.582
23.545,1.081,760.169,2760.169,15.406,15.406
23.569,0.635,760.787,2760.787,15.316,15.316
23.594,0.491,761.122,2761.122,15.285,15.285
23.619,0.440,761.352,2761.352,15.274,15.274
23.644,-13.161,761.332,2761.332,14.898,14.898
23.669,-43.116,755.364,2755.364,12.485,12.485
23.693,-49.888,740.566,2740.566,10.715,10.715
23.718,-50.386,722.175,2722.175,9.940,9.940
23.743,-49.016,702.900,2702.900,9.514,9.514
23.768,-47.030,683.850,2683.850,9.254,9.254
23.793,-45.198,665.601,2665.601,9.050,9.050
23.817,-43.436,647.808,2647.808,8.857,8.857
23.842,-41.839,631.427,2631.427,8.683,8.683
23.867,-40.241,615.045,2615.045,8.509,8.509
23.892,-38.644,598.664,2598.664,8.334,8.334
23.917,-37.176,583.889,2583.889,8.179,8.179
23.942,-35.791,570.133,2570.133,8.035,8.035
23.966,-34.405,556.376,2556.376,7.892,7.892
23.991,-33.020,542.620,2542.620,7.749,7.749
24.016,-31.634,528.864,2528.864,7.606,7.606
24.041,-30.314,515.693,2515.693,7.468,7.468
24.066,-29.155,503.970,2503.970,7.344,7.344
24.090,-27.997,492.248,2492.248,7.221,7.221
24.115,-26.985,481.435,2481.435,7.101,7.101
24.140,-26.012,470.869,2470.869,6.981,6.981
24.165,-25.040,460.303,2460.303,6.862,6.862
24.190,-24.118,450.720,2450.720,6.755,6.755
24.214,-23.203,441.273,2441.273,6.651,6.651
24.239,-22.288,431.826,2431.826,6.546,6.546
24.264,-21.375,423.507,2423.507,6.463,6.463
24.289,-20.464,415.499,2415.499,6.387,6.387
24.314,-19.552,407.491,2407.491,6.310,6.310
24.338,-18.641,399.484,2399.484,6.234,6.234
24.363,-17.729,391.476,2391.476,6.157,6.157
24.388,-16.846,384.739,2384.739,6.104,6.104
24.413,-15.967,378.219,2378.219,6.055,6.055
24.438,-15.089,371.699,2371.699,6.006,6.006
24.463,-14.264,365.685,2365.685,5.963,5.963
24.487,-13.510,360.340,2360.340,5.927,5.927
24.512,-12.756,354.995,2354.995,5.891,5.891
24.537,-12.003,349.649,2349.649,5.856,5.856
24.562,-11.369,345.115,2345.115,5.825,5.825
24.587,-10.778,340.867,2340.867,5.796,5.796
24.611,-10.188,336.618,2336.618,5.767,5.767
24.636,-9.597,332.370,2332.370,5.738,5.738
24.661,-9.054,328.443,2328.443,5.711,5.711
24.686,-8.600,325.123,2325.123,5.688,5.688
24.711,-8.147,321.802,2321.802,5.665,5.665
24.735,-7.694,318.481,2318.481,5.641,5.641
24.760,-7.241,315.161,2315.161,5.618,5.618
24.785,-6.887,312.521,2312.521,5.598,5.598
24.810,-6.539,309.913,2309.913,5.579,5.579
24.835,-6.190,307.305,2307.305,5.560,5.560
24.859,-5.841,304.697,2304.697,5.541,5.541
24.884,-5.537,302.398,2302.398,5.524,5.524
24.909,-5.268,300.340,2300.340,5.508,5.508
24.934,-4.999,298.281,2298.281,5.493,5.493
24.959,-4.730,296.222,2296.222,5.477,5.477
24.984,-4.471,294.236,2294.236,5.462,5.462
25.008,-4.262,292.601,2292.601,5.449,5.449
25.033,-4.054,290.967,2290.967,5.436,5.436
25.058,-3.845,289.333,2289.333,5.423,5.423
25.083,-3.637,287.698,2287.698,5.410,5.410
25.108,-3.465,286.320,2286.320,5.399,5.399
25.132,-3.302,285.015,2285.015,5.388,5.388
25.157,-3.140,283.710,2283.710,5.378,5.378
25.182,-2.978,282.404,2282.404,5.367,5.367
25.207,-2.830,281.198,2281.198,5.357,5.357
25.232,-2.703,280.149,2280.149,5.348,5.348
25.256,-2.576,279.100,2279.100,5.339,5.339
25.281,-2.450,278.052,2278.052,5.330,5.330
25.306,-2.323,277.003,2277.003,5.321,5.321
25.331,-2.224,276.153,2276.153,5.313,5.313
25.356,-2.124,275.305,2275.305,5.306,5.306
25.380,-2.025,274.457,2274.457,5.298,5.298
25.405,-1.925,273.609,2273.609,5.291,5.291
25.430,-1.839,272.856,2272.856,5.284,5.284
25.455,-1.760,272.165,2272.165,5.277,5.277
25.480,-1.682,271.475,2271.475,5.271,5.271
25.505,-1.603,270.785,2270.785,5.265,5.265
25.529,-1.528,270.120,2270.120,5.258,5.258
25.554,-1.466,269.555,2269.555,5.253,5.253
25.579,-1.404,268.989,2268.989,5.248,5.248
25.604,-1.342,268.424,2268.424,5.242,5.242
25.629,-1.279,267.858,2267.858,5.237,5.237
25.653,-1.228,267.373,2267.373,5.232,5.232
25.678,-1.178,266.907,2266.907,5.227,5.227
25.703,-1.128,266.440,2266.440,5.223,5.223
25.728,-1.079,265.974,2265.974,5.218,5.218
25.753,-1.034,265.542,2265.542,5.214,5.214
25.777,-0.994,265.158,2265.158,5.210,5.210
25.802,-0.955,264.774,2264.774,5.206,5.206
25.827,-0.915,264.389,2264.389,5.202,5.202
25.852,-0.876,264.005,2264.005,5.198,5.198
25.877,-0.842,263.666,2263.666,5.194,5.194
25.901,-0.811,263.353,2263.353,5.191,5.191
25.926,-0.781,263.039,2263.039,5.187,5.187
25.951,-0.750,262.726,2262.726,5.184,5.184
25.976,-0.719,262.413,2262.413,5.181,5.181
26.001,-0.691,262.120,2262.120,5.178,5.178
26.026,-0.667,261.865,2261.865,5.175,5.175
26.050,-0.643,261.610,2261.610,5.172,5.172
26.075,-0.619,261.355,2261.355,5.169,5.169
26.100,-0.595,261.099,2261.099,5.166,5.166
26.125,-0.571,260.846,2260.846,5.163,5.163
26.150,-0.034,260.647,2260.647,5.184,5.184
26.174,1.709,260.701,2260.701,5.289,5.289
26.199,5.327,261.522,2261.522,5.566,5.566
26.224,8.681,263.661,2263.661,5.925,5.925
26.249,11.036,266.997,2266.997,6.244,6.244
26.274,13.173,271.407,2271.407,6.538,6.538
26.298,15.438,276.658,2276.658,6.850,6.850
26.323,17.782,282.732,2282.732,7.184,7.184
26.348,20.111,290.178,2290.178,7.548,7.548
26.373,22.441,297.623,2297.623,7.913,7.913
26.398,24.765,306.949,2306.949,8.314,8.314
26.422,27.090,316.420,2316.420,8.717,8.717
26.447,29.491,327.210,2327.210,9.155,9.155
26.472,31.919,338.551,2338.551,9.605,9.605
26.497,34.316,351.205,2351.205,10.087,10.087
26.522,36.545,364.725,2364.725,10.574,10.574
26.547,38.941,379.744,2379.744,11.098,11.098
26.571,41.345,395.503,2395.503,11.642,11.642
26.596,43.749,411.263,2411.263,12.185,12.185
26.621,46.103,428.183,2428.183,12.750,12.750
26.646,48.467,446.389,2446.389,13.335,13.335
26.671,50.864,465.859,2465.859,13.950,13.950
26.695,53.261,485.575,2485.575,14.571,14.571
26.720,53.434,506.518,2506.518,15.116,15.116
26.745,51.389,527.447,2527.447,15.432,15.432
26.770,49.010,547.696,2547.696,15.643,15.643
26.795,46.627,567.071,2567.071,15.813,15.813
26.819,44.263,585.051,2585.051,15.951,15.951
26.844,41.910,602.210,2602.210,16.071,16.071
26.869,39.557,619.369,2619.369,16.191,16.191
26.894,37.184,635.679,2635.679,16.292,16.292
26.919,34.797,650.397,2650.397,16.361,16.361
26.944,32.446,663.964,2663.964,16.411,16.411
26.968,30.101,677.381,2677.381,16.458,16.458
26.993,27.811,689.338,2689.338,16.482,16.482
27.018,25.446,700.274,2700.274,16.484,16.484
27.043,23.050,710.533,2710.533,16.470,16.470
27.068,20.621,719.550,2719.550,16.428,16.428
27.092,18.200,727.934,2727.934,16.373,16.373
27.117,15.793,735.032,2735.032,16.292,16.292
27.142,13.404,741.648,2741.648,16.203,16.203
27.167,11.076,746.637,2746.637,16.086,16.086
27.192,8.747,751.626,2751.626,15.970,15.970
27.216,6.419,755.323,2755.323,15.830,15.830
27.241,4.021,757.939,2757.939,15.663,15.663
27.266,1.739,759.693,2759.693,15.482,15.482
27.291,0.772,760.558,2760.558,15.346,15.346
27.316,0.536,760.988,2760.988,15.295,15.295
27.340,0.458,761.254,2761.254,15.277,15.277
27.365,0.422,761.456,2761.456,15.272,15.272
27.390,-31.259,759.244,2759.244,13.671,13.671
27.415,-48.803,747.999,2747.999,11.318,11.318
27.440,-50.323,730.664,2730.664,10.235,10.235
27.465,-49.824,711.617,2711.617,9.677,9.677
27.489,-47.922,692.378,2692.378,9.359,9.359
27.514,-45.996,673.692,2673.692,9.139,9.139
27.539,-44.240,655.944,2655.944,8.945,8.945
27.564,-42.549,638.562,2638.562,8.758,8.758
27.589,-40.912,621.811,2621.811,8.580,8.580
27.613,-39.412,606.660,2606.660,8.420,8.420
27.638,-37.912,591.509,2591.509,8.261,8.261
27.663,-36.412,576.359,2576.359,8.101,8.101
27.688,-34.912,561.208,2561.208,7.942,7.942
27.713,-33.533,547.477,2547.477,7.798,7.798
27.737,-32.240,534.752,2534.752,7.666,7.666
27.762,-30.948,522.027,2522.027,7.535,7.535
27.787,-29.655,509.302,2509.302,7.403,7.403
27.812,-28.506,497.508,2497.508,7.276,7.276
27.837,-27.456,486.357,2486.357,7.154,7.154
27.861,-26.411,475.247,2475.247,7.032,7.032
27.886,-25.475,465.151,2465.151,6.918,6.918
27.911,-24.539,455.055,2455.055,6.803,6.803
27.936,-23.610,445.277,2445.277,6.694,6.694
27.961,-22.699,436.379,2436.379,6.599,6.599
27.986,-21.787,427.481,2427.481,6.505,6.505
28.010,-20.876,418.583,2418.583,6.411,6.411
28.035,-19.966,410.338,2410.338,6.329,6.329
28.060,-19.059,402.927,2402.927,6.264,6.264
28.085,-18.152,395.516,2395.516,6.199,6.199
28.110,-17.245,388.105,2388.105,6.135,6.135
28.134,-16.337,380.694,2380.694,6.070,6.070
28.159,-15.487,374.545,2374.545,6.026,6.026
28.184,-14.639,368.444,2368.444,5.983,5.983
28.209,-13.791,362.343,2362.343,5.940,5.940
28.234,-13.092,357.365,2357.365,5.907,5.907
28.258,-12.393,352.395,2352.395,5.874,5.874
28.283,-11.694,347.425,2347.425,5.841,5.841
28.308,-10.996,342.454,2342.454,5.807,5.807
28.333,-10.409,338.231,2338.231,5.779,5.779
28.358,-9.867,334.315,2334.315,5.752,5.752
28.382,-9.326,330.399,2330.399,5.725,5.725
28.407,-8.785,326.483,2326.483,5.698,5.698
28.432,-8.315,323.049,2323.049,5.674,5.674
28.457,-7.892,319.935,2319.935,5.651,5.651
28.482,-7.469,316.821,2316.821,5.629,5.629
28.507,-7.046,313.707,2313.707,5.607,5.607
28.531,-6.668,310.902,2310.902,5.587,5.587
28.556,-6.337,308.415,2308.415,5.569,5.569
28.581,-6.006,305.928,2305.928,5.550,5.550
28.606,-5.675,303.441,2303.441,5.532,5.532
28.631,-5.371,301.144,2301.144,5.515,5.515
28.655,-5.111,299.148,2299.148,5.499,5.499
28.680,-4.851,297.153,2297.153,5.484,5.484
28.705,-4.591,295.158,2295.158,5.469,5.469
28.730,-4.347,293.270,2293.270,5.454,5.454
28.755,-4.142,291.661,2291.661,5.442,5.442
28.779,-3.937,290.052,2290.052,5.429,5.429
28.804,-3.732,288.444,2288.444,5.416,5.416
28.829,-3.535,286.886,2286.886,5.404,5.404
28.854,-3.373,285.583,2285.583,5.393,5.393
28.879,-3.211,284.279,2284.279,5.382,5.382
28.903,-3.049,282.975,2282.975,5.372,5.372
28.928,-2.889,281.686,2281.686,5.361,5.361
28.953,-2.760,280.623,2280.623,5.352,5.352
28.978,-2.632,279.561,2279.561,5.343,5.343
29.003,-2.503,278.499,2278.499,5.334,5.334
29.028,-2.375,277.436,2277.436,5.325,5.325
29.052,-2.271,276.557,2276.557,5.317,5.317
29.077,-2.169,275.686,2275.686,5.309,5.309
29.102,-2.066,274.815,2274.815,5.301,5.301
29.127,-1.964,273.945,2273.945,5.294,5.294
29.152,-1.879,273.204,2273.204,5.287,5.287
29.176,-1.797,272.486,2272.486,5.280,5.280
29.201,-1.715,271.769,2271.769,5.274,5.274
29.226,-1.633,271.051,2271.051,5.267,5.267
29.251,-1.563,270.425,2270.425,5.261,5.261
29.276,-1.497,269.830,2269.830,5.256,5.256
29.300,-1.431,269.235,2269.235,5.250,5.250
29.325,-1.365,268.641,2268.641,5.244,5.244
29.350,-1.307,268.108,2268.108,5.239,5.239
29.375,-1.254,267.613,2267.613,5.234,5.234
29.400,-1.200,267.117,2267.117,5.229,5.229
29.424,-1.147,266.621,2266.621,5.224,5.224
29.449,-1.099,266.171,2266.171,5.220,5.220
29.474,-1.057,265.762,2265.762,5.216,5.216
29.499,-1.015,265.352,2265.352,5.212,5.212
29.524,-0.972,264.943,2264.943,5.207,5.207
29.549,-0.930,264.534,2264.534,5.203,5.203
29.573,-0.893,264.172,2264.172,5.199,5.199
29.598,-0.860,263.838,2263.838,5.196,5.196
29.623,-0.827,263.504,2263.504,5.192,5.192
29.648,-0.793,263.169,2263.169,5.189,5.189
29.673,-0.760,262.835,2262.835,5.185,5.185
29.697,-0.732,262.543,2262.543,5.182,5.182
29.722,-0.705,262.267,2262.267,5.179,5.179
29.747,-0.679,261.992,2261.992,5.176,5.176
29.772,-0.653,261.717,2261.717,5.173,5.173
29.797,-0.626,261.442,2261.442,5.170,5.170
29.821,-0.603,261.195,2261.195,5.167,5.167
29.846,-0.581,260.956,2260.956,5.165,5.165
29.871,-0.391,260.723,2260.723,5.166,5.166
29.896,0.646,260.621,2260.621,5.225,5.225
29.921,3.580,261.015,2261.015,5.420,5.420
29.945,7.310,262.528,2262.528,5.764,5.764
29.970,10.045,265.378,2265.378,6.106,6.106
29.995,12.182,269.251,2269.251,6.404,6.404
